,ID_0,ISO,NAME_0,ID_1,NAME_1,ID_2,NAME_2,VARNAME_2,NL_NAME_2,HASC_2,CC_2,TYPE_2,ENGTYPE_2,VALIDFR_2,VALIDTO_2,REMARKS_2,Shape_Leng,Shape_Area,index_right,lat_bin,lon_bin,AMR_lowest,AMR_surf,AOD,B4LI,CAPE,CAPE_lowest,CAPE_nc,CAPE_surf,CCN_0.5_cm3,CCN_0.5_mg,CCN_1.0_cm3,CCN_1.0_mg,CIN0,CIN180,CIN255,Cloud_fra,D14_0.5,D14_1.0,Frac_CLD,Frac_Re,GH1000,GH500,GH700,GH850,H14_0.5,H14_1.0,H14s_0.5,H14s_1.0,HGT,H_LCL_lowest,H_LCL_nc,H_LCL_surf,H_tro,Have,Hcb0.5,Hcb1.0,Hcbs0.5,Hcbs1.0,Hmax,Hmin,Hsd,Htop0.5,Htop1.0,L/S,LSM,LTS,Mean_Cv,Mean_Re,Ndelta0.5,Ndelta1.0,PBLH,PR,PTEM700,PTEMS,PW,P_LCL_nc,P_tro,Pcb0.5,Pcb1.0,Press,Ptop0.5,Ptop1.0,RH2,RH2m,Recb0.5,Recb1.0,Retop0.5,Retop1.0,SH2,SLI,SMR_lowest,SMR_surf,SRH,SST,SS_0.5_mg,SS_1.0_mg,T1000,T14_0.5,T14_1.0,T2m,T2m_NCEP,T500,T700,T850,TD2,TOZONE,TSURF,T_LCL_lowest,T_LCL_nc,T_LCL_surf,T_coal0.5,T_coal1.0,T_diff0.5,T_diff1.0,T_glac0.5,T_glac1.0,T_mix0.5,T_mix1.0,T_rain0.5,T_rain1.0,T_tro,Tb_f,Tcb0.5,Tcb1.0,Tsfc_NPP,Tskin,Tskin_NCEP,Ttop0.5,Ttop1.0,U10m(m/s),V10m(m/s),WDIR10,WDIR1000,WDIR500,WDIR700,WDIR850,WDIR900,WDIR925,WSPD10,WSPD1000,WSPD500,WSPD700,WSPD850,WSPD900,WSPD925,Wb_0.5,Wb_1.0,big_c,big_r,btd_a_0.5,btd_a_1.0,btd_c_0.5,btd_c_1.0,btd_m_0.5,btd_m_1.0,colum,lat,lon,relaz,row,satz,solz,sound_D(km),sound_ID,sound_hour,sumN_0.5,sumN_0.5_sumN_1.0,sumN_1.0,winNO
0,45,CHN,China,576,Guangdong,9809,Guangzhou,Guangzhou,???,,,D锟絡锟絪h?,Prefecture City,Unknown,Present,,6.049119,0.630133,1400,22.75,113.5,,,,-4.900000095367432,1629.0,,1986.0,,3799.0,3483.0,3799.0,3483.0,-1.7999999523162842,-2.0,-1.7999999523162842,0.0201,,,0.0571,0.0433,15.239999771118164,5848.16015625,3107.469970703125,1452.5400390625,,,,,1.0,,1071.1,,16944.0,5.0,572.0,572.0,648.0,648.0,210.0,0.0,16.0,5637.0,5637.0,1.0,1.0,9.460000038146973,-0.5818,9.08,346.0,346.0,1222.0400390625,0.0,42.11000976562502,32.649987792968766,61.0,884.0,96.0,939.0,939.0,1001.0,513.0,513.0,59.599998474121094,61.0,6.2,6.2,12.0,12.0,0.019999999552965164,-5.0,,,41.0,,0.05,0.05,32.649987792968766,,,33.6,33.16,-2.449987792968728,11.550012207031276,20.550012207031273,24.749993896484398,276.10000610351557,37.55001220703127,,22.9,,7.0,7.0,27.0,27.0,,,,,,,-79.1,27.0,27.0,27.0,35.0,37.0,37.05,-2.0,-2.0,0.44,-1.99,11.99,13.71,98.83,59.86,46.82,36.14,29.51,1.830000042915344,2.1099998950958248,8.279999732971191,7.75,6.449999809265138,4.0900001525878915,3.390000104904175,0.58,0.58,3520.0,3264.0,235.0,235.0,235.0,235.0,0.0,0.0,3520.0,22.956,113.5227,20.15,3072.0,8.27,20.38,,,,185.0,1.0,185.0,23007.0
0,45,CHN,China,576,Guangdong,9809,Guangzhou,Guangzhou,???,,,D锟絡锟絪h?,Prefecture City,Unknown,Present,,6.049119,0.630133,1469,23.0,113.5,,,,-1.100000023841858,320.0,,445.0,,247.0,283.0,247.0,283.0,-3.0,-10.699999809265137,-2.5,0.5654,1692.0,1692.0,0.9095,0.5654,-39.61000061035156,5804.3798828125,3042.81005859375,1389.8800048828125,5309.0,5309.0,3391.0,3391.0,17.0,,698.4,,16480.0,12.0,2837.0,2837.0,1699.0,1699.0,399.0,0.0,33.0,7793.0,7793.0,1.0,1.0,11.789999961853027,-0.3897,14.27,720.0,720.0,1100.0,0.3499999940395355,42.43999633789065,30.64998779296877,74.0,915.0,104.0,717.0,717.0,993.0,388.0,388.0,69.09999847412111,72.0,9.7,9.7,16.9,16.9,0.019999999552965164,-1.2999999523162842,,,80.0,,0.44,0.44,30.450006103515648,2.0,2.0,29.5,29.52,-0.3500122070312273,11.850000000000026,18.850000000000023,23.850000000000023,269.60000610351557,29.749993896484398,,22.6,,13.0,13.0,,,,,-11.0,-11.0,,,-76.5,13.0,13.0,13.0,5.0,29.3,29.29,-12.0,-12.0,-3.37,-3.27,44.2,44.77,87.5,62.28,53.28,46.98,45.24,4.579999923706055,5.309999942779541,19.229999542236328,11.350000381469727,12.90999984741211,11.460000038146973,10.239999771118164,1.53,1.53,3232.0,6144.0,8379.0,8379.0,7371.0,7371.0,1008.0,1008.0,3136.0,23.0125,113.5903,200.07,5952.0,-3.38,18.06,,,,5211.0,1.0,5211.0,1108.0
0,45,CHN,China,576,Guangdong,9809,Guangzhou,Guangzhou,???,,,D锟絡锟絪h?,Prefecture City,Unknown,Present,,6.049119,0.630133,1532,23.25,113.5,,,,-0.8999999761581421,637.0,,875.0,,214.0,275.0,214.0,275.0,-3.0,-2.900000095367432,-2.900000095367432,0.2635,1385.0,1385.0,0.6687,0.2765,-36.33000183105469,5808.759765625,3046.030029296875,1391.5,5918.0,5918.0,3578.0,3578.0,188.0,,703.0,,16674.0,72.0,3952.0,3952.0,2193.0,2193.0,428.0,3.0,66.0,6684.0,6684.0,1.0,1.0,10.890000343322754,-0.2123,13.19,769.0,769.0,889.0399780273438,0.2700000107288361,42.43999633789065,31.550012207031273,70.0,898.0,101.0,628.0,628.0,975.0,448.0,448.0,70.0,72.0,12.4,12.4,14.5,14.5,0.019999999552965164,-1.7000000476837158,,,105.0,,0.59,0.59,31.050012207031273,-1.0,-1.0,30.4,29.52,-0.14999999999997726,11.850000000000026,19.249993896484398,24.050012207031273,271.60000610351557,29.550012207031273,,23.4,,3.0,3.0,8.0,8.0,,,,,,,-76.8,8.0,8.0,8.0,4.0,31.2,29.29,-5.0,-5.0,-2.51,-3.82,39.77,40.27,89.08,68.32,52.94,45.54,43.51,4.6599998474121085,5.400000095367432,20.030000686645508,12.18000030517578,13.15999984741211,11.350000381469727,10.079999923706056,1.97,1.97,3232.0,5856.0,6184.0,6184.0,4152.0,4152.0,2032.0,2032.0,3136.0,23.3253,113.5099,201.01,5856.0,-3.38,18.16,,,,2428.0,1.0,2428.0,3302.0
0,45,CHN,China,576,Guangdong,9809,Guangzhou,Guangzhou,???,,,D锟絡锟絪h?,Prefecture City,Unknown,Present,,6.049119,0.630133,1533,23.25,113.75,,,,-1.3466666539510088,776.6666666666665,,678.0,,884.0,859.3333333333335,884.0,859.3333333333335,-0.033333333830038704,-0.8000000317891439,-1.7666667302449544,0.4712000000000001,3231.0,3231.0,0.5052333333333333,0.4742666666666666,-10.663333574930826,5823.986653645832,3066.383382161459,1414.180013020833,6256.0,6256.0,4404.0,4404.0,387.33333333333326,,674.3000000000002,,16719.333333333332,111.66666666666669,1449.666666666667,1449.666666666667,1125.6666666666667,1125.6666666666667,1017.3333333333335,3.0,121.0,5317.0,5317.0,1.0,1.0,11.060000101725258,-0.25680000000000003,10.026666666666667,604.3333333333334,607.6666666666666,1204.02001953125,0.03333333258827528,42.4766784667969,31.41666056315107,59.66666793823242,883.0,100.0,847.6666666666665,847.6666666666665,956.0,540.3333333333334,540.3333333333334,63.67666625976562,72.66666666666667,7.0,7.0,11.866666666666667,11.866666666666667,0.019999999552965164,-1.2799999713897705,,,54.113333384195954,,0.19000000000000006,0.19000000000000006,30.893334960937523,-3.0,-3.0,28.1,30.706666666666663,-1.083329264322894,11.883325195312526,18.84998982747398,23.06332804361982,275.8099975585937,32.556665039062516,,21.366666666666664,,21.0,21.0,16.5,16.5,,,-7.0,-7.0,,,-77.3,19.666666666666668,19.666666666666668,19.666666666666668,26.66666666666667,29.066666666666666,33.69333333333333,1.0,1.0,-1.3599999999999997,-2.6333333333333333,33.48333333333333,34.63333333333333,171.7766666666666,49.11333333333334,39.803333333333335,36.086666666666666,36.10333333333333,3.2233333985010777,3.879999915758769,13.606666247049965,8.113333384195963,8.890000025431315,6.9099998474121085,6.0600000222523995,1.0133333333333334,1.0133333333333334,3328.0,4501.333333333333,4586.333333333333,4586.333333333333,4512.0,4512.0,74.33333333333333,74.33333333333333,3232.0,23.370500000000003,113.86803333333334,111.46,4501.333333333333,-0.47,17.953333333333333,,,,4331.666666666667,0.9966666666666668,4342.666666666667,13535.333333333336
0,45,CHN,China,576,Guangdong,9809,Guangzhou,Guangzhou,???,,,D锟絡锟絪h?,Prefecture City,Unknown,Present,,6.049119,0.630133,1531,23.25,113.25,,,,-4.900000095367432,1639.0,,1182.0,,1752.0,1614.0,1752.0,1614.0,-2.299999952316284,0.0,-2.299999952316284,0.5314,4769.0,4769.0,0.5660000000000001,0.5394,16.420000076293945,5850.0,3109.0400390625,1453.6600341796875,6077.0,6077.0,5442.0,5442.0,188.0,,993.5,,16961.0,54.0,617.0,617.0,673.0,673.0,355.0,0.0,53.0,14842.0,14842.0,1.0,1.0,9.06999969482422,-0.6073,12.04,402.0,402.0,1235.0,0.0,42.21999511718752,33.149987792968766,57.79999923706055,874.0,96.0,935.0,935.0,981.0,140.0,140.0,60.599998474121094,63.0,4.0,4.0,39.0,39.0,0.019999999552965164,-5.0,,,43.0,,0.07,0.07,32.95000610351565,-4.0,-4.0,32.2,33.56,-2.449987792968728,11.649987792968776,20.450006103515648,24.749993896484398,276.20001220703125,36.14998779296877,,22.3,,27.0,27.0,,,-32.0,-32.0,-7.0,-7.0,,,-78.9,27.0,27.0,27.0,37.0,33.6,36.99,-66.0,-66.0,-0.87,-1.6,21.58,23.13,96.53,62.58,46.26,37.65,32.7,1.9600000381469729,2.240000009536743,9.149999618530273,7.769999980926514,5.800000190734862,3.9800000190734863,3.390000104904175,0.61,0.61,3520.0,2976.0,5134.0,5134.0,5090.0,5090.0,44.0,44.0,3520.0,23.2692,113.4458,20.95,2976.0,8.27,20.49,,,,4897.0,1.0,4897.0,25201.0
0,45,CHN,China,576,Guangdong,9809,Guangzhou,Guangzhou,???,,,D锟絡锟絪h?,Prefecture City,Unknown,Present,,6.049119,0.630133,1598,23.5,113.75,,,,-2.616000001430512,1088.6,,1001.8,,704.2,697.8,723.4,715.8,-6.378000020980835,-2.147999954223633,-8.154999986290933,0.29496,1938.4,2076.75,0.35672000000000004,0.31548000000000004,4.20600015449524,5841.3479140625,3086.93001953125,1430.8240078125,3974.6,3954.25,3274.8,3376.5,403.2,,915.66,,16701.8,281.2,1493.6,1452.8,1336.4,1316.0,1050.6,12.2,217.2,5525.6,5525.6,1.0,1.0,9.13799998092651,-0.50722,11.918,534.6,543.4,1217.0260009765625,0.0019999999552965165,42.72800366210939,33.5900085449219,56.31999938964843,859.0,100.6,844.4,848.4,955.0,528.8,528.8,63.98,66.0,7.479999999999999,7.42,16.3,16.3,0.01999999964237213,-3.1060000613331797,,,58.14999961853027,,0.218,0.21,32.25600341796877,7.8,7.75,30.4,30.031999999999996,1112.526002441407,12.110003662109401,248.36599999999993,22.649995422363304,277.93999633789065,33.6499987792969,,21.32,,17.2,17.2,17.0,17.5,,,-11.0,-11.0,,,-77.84,20.6,20.4,20.6,26.6,32.52,32.096,-0.6,-0.6,-0.5660000000000001,-2.356,175.95999999999995,167.878,127.754,73.598,43.424,155.282,169.408,6.7140000562667845,3.2720000143051156,9.18000025844574,6.264000004768372,5.586000158309936,16.72600065422058,4.1419999361038204,1.2040000000000002,1.1840000000000002,3001.6,4992.0,3012.0,3012.0,3012.0,3012.0,0.0,0.0,2924.8,23.60618,113.8409,182.21400000000003,4915.2,-9.782,16.294,,,,2623.6,0.988,2718.2,9984.2
0,45,CHN,China,576,Guangdong,9809,Guangzhou,Guangzhou,???,,,D锟絡锟絪h?,Prefecture City,Unknown,Present,,6.049119,0.630133,1597,23.5,113.5,,,,-3.400000095367432,1214.0,,1146.0,,1138.0,1072.0,1138.0,1072.0,-1.399999976158142,-2.799999952316284,-1.399999976158142,0.1126,3539.0,3539.0,0.1436,0.1232,27.15999984741211,5853.89990234375,3110.2099609375,1454.3399658203125,4819.0,4819.0,4329.0,4329.0,490.0,,758.9,,16915.0,288.0,846.0,846.0,790.0,790.0,1044.0,15.0,223.0,5986.0,5986.0,1.0,1.0,8.699999809265138,-0.4483,10.82,664.0,685.0,1090.0400390625,0.0,42.55001220703127,33.850000000000016,49.29999923706055,867.0,97.0,911.0,911.0,948.0,492.0,492.0,67.19999694824219,70.0,5.4,5.4,14.8,14.8,0.019999999552965164,-3.7999999523162837,,,62.0,,0.1,0.1,32.2499938964844,3.0,3.0,29.9,29.89,-1.850012207031228,11.950006103515651,20.249993896484398,23.850000000000023,276.60000610351557,32.2499938964844,,22.3,,23.0,23.0,26.0,26.0,,,,,,,-78.4,26.0,26.0,26.0,34.0,31.1,31.13,-2.0,-2.0,-1.26,-1.56,37.9,38.34,95.02,64.94,49.57,43.19,40.46,1.7699999809265137,1.950000047683716,10.279999732971193,8.670000076293945,4.699999809265137,3.140000104904175,2.5899999141693115,0.71,0.71,3808.0,2976.0,1210.0,1210.0,1210.0,1210.0,0.0,0.0,3616.0,23.6368,113.7394,21.47,2880.0,11.18,20.93,,,,1038.0,1.0,1038.0,25106.0
0,45,CHN,China,576,Guangdong,9809,Guangzhou,Guangzhou,???,,,D锟絡锟絪h?,Prefecture City,Unknown,Present,,6.049119,0.630133,1596,23.5,113.25,,,,-2.994999945163727,928.0,,804.0,,1096.5,1073.0,1096.5,1073.0,0.20499999821186066,-0.3449999988079071,0.20499999821186066,0.5202,3231.0,3231.0,0.5710999999999999,0.52095,15.639999389648436,5843.08984375,3095.5050048828125,1442.2649536132812,5398.0,5398.0,4217.5,4217.5,207.5,,630.7,,16873.0,95.0,1340.0,1340.0,986.5,986.5,443.5,7.0,80.0,13749.0,13749.0,1.0,1.0,11.764999866485596,-0.5172,20.675,343.0,343.0,867.3600006103516,0.10000000149011612,42.11499938964846,30.35000000000002,63.49999809265137,909.0,97.5,860.5,860.5,978.0,174.5,174.5,72.04999923706055,75.5,7.55,7.55,38.95,38.95,0.019999999552965164,-3.215000033378601,,,45.29999923706055,,0.135,0.135,30.05500183105471,0.0,0.0,29.0,29.015,-2.0000061035156027,11.554986572265651,19.55500183105471,24.17499694824221,276.56500244140625,31.90999755859377,,22.700000000000006,,21.0,21.0,,,-20.0,-20.0,-9.0,-9.0,,,-77.45,21.0,21.0,21.0,30.0,30.200000000000006,30.19,-57.0,-57.0,0.06,-0.8150000000000001,162.82,163.98999999999995,88.19,62.19,58.35,45.585,20.765,1.9099999666213991,2.0149999856948853,8.804999828338623,6.914999961853027,4.514999985694884,3.24999988079071,2.6100000143051147,0.89,0.89,3520.0,4272.0,5021.0,5021.0,4900.5,4900.5,120.5,120.5,3520.0,23.623,113.3493,23.630000000000006,4176.0,8.265,21.32,,,,4766.5,0.995,4794.0,15304.0
0,45,CHN,China,576,Guangdong,9809,Guangzhou,Guangzhou,???,,,D锟絡锟絪h?,Prefecture City,Unknown,Present,,6.049119,0.630133,1663,23.75,113.75,,,,-1.862500011920929,586.75,,607.5,,1487.0,1506.0,1487.0,1506.0,-1.604999989271164,-3.0174999237060547,-1.3875000029802322,0.250175,2923.0,2923.0,0.312,0.257425,15.32499986886978,5849.989990234375,3095.4099731445312,1442.5899963378906,4604.0,4604.0,4289.0,4289.0,485.5,,1084.3,,16620.75,345.5,1551.25,1551.25,1251.0,1251.0,989.25,73.0,172.25,5751.5,5751.5,1.0,1.0,9.389999985694883,-0.3662,9.695,601.75,603.0,1271.3450012207034,0.014999999664723871,42.85500488281252,33.464997863769554,53.625,835.25,101.75,839.25,839.25,947.5,509.75,509.75,57.5024995803833,61.0,6.125,6.125,10.1,10.1,0.019999999552965164,-2.059999942779541,,,44.6725001335144,,0.155,0.155,32.31500396728518,5.0,5.0,29.875,29.8675,-2.1999954223632594,12.225007629394558,19.824990844726585,21.715005493164085,277.86249542236334,33.642503356933624,,19.125,,19.5,19.5,15.0,15.0,,,-7.0,-7.0,,,-77.5,20.25,20.25,20.25,28.75,31.65,31.6575,-1.5,-1.5,-0.7374999999999999,-1.1699999999999997,126.615,128.26749999999998,144.29000000000005,67.75,48.4025,42.5925,41.08750000000001,2.0375000089406967,2.4650000631809235,9.9375,7.259999990463258,5.187500059604645,3.9924999475479126,3.5374999344348907,1.1275,1.1275,2944.0,3832.0,2668.25,2668.25,2612.5,2612.5,55.75,55.75,2848.0,23.874475000000004,113.829225,184.045,3736.0,-12.11,14.650000000000002,,,,2305.5,1.0,2305.5,18805.0
1,45,CHN,China,576,Guangdong,9811,Huizhou,Hu锟絲hou,???,,,D锟絡锟絪h?,Prefecture City,Unknown,Present,,9.867862,0.997726,1403,22.75,114.5,,,,2.6,0.0,,4.0,,127.0,132.0,127.0,132.0,0.0,0.0,,0.1467,154.0,154.0,0.2486,0.189,11.89,5847.51,3093.08,1443.44,2229.0,2229.0,1923.0,1923.0,50.0,,1610.9,,17328.0,73.0,1938.0,1938.0,1769.0,1769.0,549.0,0.0,75.0,4546.0,4546.0,1.0,1.0,7.25,-0.3407,16.74,157.0,168.0,1831.2,0.12,41.890000000000036,34.640000000000036,52.0,825.0,90.0,802.0,802.0,995.0,587.0,587.0,42.8,47.0,12.1,12.1,23.6,23.6,0.01,2.3,,,,,0.63,0.63,33.850000000000016,15.0,15.0,33.8,31.52,5574.360000000002,11.350000000000026,1170.29,,291.4,30.850000000000023,,17.8,,16.0,16.0,,,,,,,,,-80.2,16.0,16.0,16.0,17.0,35.4,30.68,5.0,5.0,-1.51,-2.16,38.09,81.87,12.53,78.0,49.99,61.95,72.86,14.1,3.68,1.38,8.66,7.31,5.36,4.75,1.59,1.59,3808.0,5568.0,1780.0,1780.0,1780.0,1780.0,0.0,0.0,3808.0,22.909,114.5042,13.97,5568.0,17.03,19.56,,,,1352.0,1.0,1352.0,5301.0
1,45,CHN,China,576,Guangdong,9811,Huizhou,Hu锟絲hou,???,,,D锟絡锟絪h?,Prefecture City,Unknown,Present,,9.867862,0.997726,1472,23.0,114.5,,,,-3.352499961853028,1333.0,,1454.25,,654.5,622.5,654.5,622.5,-1.5499999821186066,-2.074999988079071,-1.3100000023841858,0.260975,1846.0,1846.0,0.28665,0.262775,8.862499713897705,5843.6224365234375,3096.2699584960938,1440.6325073242188,3454.666666666666,3454.666666666666,2839.333333333333,2839.333333333333,209.0,,844.225,,16667.75,145.0,1174.25,1174.25,1012.5,1012.5,895.0,10.5,168.25,5462.25,5462.25,1.0,1.0,9.554999947547913,-0.52895,12.8075,779.25,785.0,1187.0249938964846,0.0949999988079071,42.55249938964846,32.99499664306643,57.42500019073486,885.75,101.0,877.0,877.0,977.0,529.75,529.75,64.0049991607666,68.5,7.574999999999998,7.574999999999998,12.45,12.45,0.019999999552965164,-3.7625001072883606,,,35.994999885559075,,0.1975,0.1975,32.29999694824221,10.0,10.0,30.975,30.027500000000003,-1.94750061035154,11.94999847412112,20.32499847412112,23.93250427246096,272.134994506836,33.4475036621094,,22.55,,22.0,22.0,24.0,24.0,,,,,,,-78.3,22.5,22.5,22.5,31.25,32.675,30.9775,0.0,0.0,-0.9575,-1.0225,135.765,135.75,80.105,55.87,44.87,130.28,130.715,3.0499999821186066,3.6174999475479126,9.51499992609024,7.357500076293945,6.537500083446503,5.777500092983246,5.370000004768372,0.91,0.91,3520.0,3768.0,2612.0,2612.0,2602.5,2602.5,9.5,9.5,3424.0,23.14415,114.6825,66.97999999999999,3648.0,5.3675,20.485,,,,2405.25,1.0,2405.25,19155.75
1,45,CHN,China,576,Guangdong,9811,Huizhou,Hu锟絲hou,???,,,D锟絡锟絪h?,Prefecture City,Unknown,Present,,9.867862,0.997726,1474,23.0,115.0,,,,-4.007500016689301,1413.5,,1573.5,,897.5,860.75,897.5,860.75,-1.237499966286123,-2.1924999505281453,-1.460000056773424,0.16005,2577.25,2577.25,0.18655,0.161175,12.125000147819517,5842.607587890625,3099.7974682617187,1445.1500061035156,4101.75,4101.75,3530.5,3530.5,182.5,,951.075,,16876.25,270.5,1048.75,1048.75,953.25,953.25,1053.5,26.25,180.5,8039.75,8039.75,1.0,1.0,8.250000023841858,-0.6267,14.6675,708.5,710.25,1372.0149743652346,0.007499999832361936,42.47000427246096,34.21999816894534,55.94999942779541,877.0,97.25,889.5,889.5,980.0,391.25,391.25,60.84999942779541,64.5,6.699999999999998,6.699999999999998,21.225,21.225,0.019999999664723874,-4.512500011920929,,,50.63666598002115,,0.14250000000000002,0.14250000000000002,33.28250732421877,6.5,6.5,31.925,31.3925,1390.3075024414065,11.874998474121115,313.8875030517579,23.916670735677105,277.9625015258789,33.22500457763674,,22.450000000000006,,22.75,22.75,24.0,24.0,-17.0,-17.0,-7.0,-7.0,,,-78.0,23.25,23.25,23.25,33.25,33.525,32.627500000000005,-16.25,-16.25,-0.4925000000000001,0.3499999999999999,132.235,150.265,84.00750000000002,127.9725,42.8425,138.315,142.9275,6.9199999976158155,1.977499974966049,7.105000209808348,6.915000061988831,4.032500076293945,2.977500009536743,2.71,0.8599999999999999,0.8599999999999999,3520.0,3480.0,1678.75,1678.75,1676.5,1676.5,2.25,2.25,3424.0,23.18305,115.09955,100.8425,3360.0,5.3675,17.959999999999994,,,,1474.75,1.0,1474.75,21355.75
1,45,CHN,China,576,Guangdong,9811,Huizhou,Hu锟絲hou,???,,,D锟絡锟絪h?,Prefecture City,Unknown,Present,,9.867862,0.997726,1473,23.0,114.75,,,,-4.540000009536743,1499.5,,1559.0,,969.5,929.0,969.5,929.0,-1.4450000524520874,-2.869999885559082,-2.3199999332427983,0.1328,3846.0,3846.0,0.1974,0.13255,14.274999914169312,5846.18490234375,3105.38998046875,1450.339990234375,5033.0,5033.0,4694.0,4694.0,234.5,,1114.9,,16878.5,201.5,1100.5,1100.5,1105.0,1105.0,899.0,13.0,179.0,6247.5,6247.5,1.0,1.0,7.875000047683716,-0.55745,14.23,530.5,530.5,1552.7549853515625,0.0,42.775006103515636,34.899993896484396,56.400000762939456,855.5,97.0,884.5,884.5,974.5,477.5,477.5,53.39999961853027,59.5,4.7,4.7,12.25,12.25,0.019999999776482584,-4.964999961853027,,,66.59999847412111,,0.15,0.15,34.06500549316408,0.0,0.0,32.45,32.465,2782.709996948243,12.149996948242205,607.6250030517581,22.950006103515648,282.9499969482422,35.75000305175783,,21.4,,21.0,21.0,23.5,23.5,,,-11.0,-11.0,,,-76.55,23.5,23.5,23.5,31.0,33.9,33.905,-5.5,-5.5,-0.7150000000000001,-0.025000000000000026,206.315,63.97,90.095,201.595,41.605,48.075,53.765,12.835,2.59,7.740000152587888,5.914999923706055,5.129999971389769,3.7949999332427984,3.385000033378601,0.995,0.995,3232.0,3984.0,1404.0,1404.0,1402.0,1402.0,2.0,2.0,3040.0,23.15505,114.7883,181.055,3888.0,-6.28,14.48,,,,1224.0,1.0,1224.0,17606.0
1,45,CHN,China,576,Guangdong,9811,Huizhou,Hu锟絲hou,???,,,D锟絡锟絪h?,Prefecture City,Unknown,Present,,9.867862,0.997726,1471,23.0,114.25,,,,-4.924999952316284,1574.5,,1722.0,,903.0,842.0,905.0,844.0,-1.2300000190734863,-0.2150000035762787,-1.2300000190734863,0.08474999999999999,2769.0,2769.0,0.14845,0.09135,4.970000267028809,5840.550048828125,3097.344970703125,1441.4000244140625,3686.0,3686.0,3755.0,3755.0,136.5,,857.0,,16901.5,69.5,741.5,741.5,913.5,913.5,741.0,1.0,99.5,6720.5,6720.5,1.0,1.0,9.105000019073486,-0.6355999999999999,15.78,601.0,601.0,1208.4749755859375,0.0,42.50000915527346,33.3900085449219,59.10000038146973,890.5,97.0,920.5,920.5,984.5,502.0,502.0,59.54999923706057,67.5,4.55,4.55,25.95,25.95,0.019999999552965164,-5.009999990463257,,,24.65500020980835,,0.13,0.13,33.04999694824221,9.0,9.0,31.85,34.86,-2.6449951171874773,11.900003051757839,20.29999694824221,24.54999694824221,273.125,36.50000915527346,,23.25,,25.0,25.0,27.0,27.0,-25.0,-25.0,-7.0,-7.0,,,-79.85,26.0,26.0,26.0,34.0,34.25,40.675,-10.0,-10.0,0.25,-0.8500000000000001,206.145,205.625,66.26,45.365,33.71,205.19,204.715,2.194999992847442,2.4300000071525574,6.509999752044678,6.049999952316284,3.7300001382827763,3.3550000190734863,3.164999961853028,0.825,0.825,3664.0,2976.0,1006.0,1006.0,1003.5,1003.5,2.5,2.5,3520.0,23.04805,114.29645,20.125,2832.0,8.28,20.445,,,,785.0,1.01,781.0,25157.0
1,45,CHN,China,576,Guangdong,9811,Huizhou,Hu锟絲hou,???,,,D锟絡锟絪h?,Prefecture City,Unknown,Present,,9.867862,0.997726,1536,23.25,114.5,,,,-3.2100000347409936,1047.7142857142858,,1187.0,,615.1428571428571,599.8571428571429,615.1428571428571,599.8571428571429,-1.3485714069434576,-2.8214285139526636,-1.711666688323021,0.2265571428571429,1846.2,1846.2,0.2788714285714285,0.2387857142857143,-2.038571460587637,5834.231400669642,3086.647137276785,1431.9385707310266,3630.4,3630.4,2979.8,2979.8,295.0,,948.8857142857145,,16782.428571428572,105.28571428571428,1362.2857142857142,1362.2857142857142,1168.857142857143,1168.857142857143,600.1428571428571,17.285714285714285,87.57142857142857,7484.142857142857,7484.142857142857,1.0,1.0,8.89857143674578,-0.5512714285714286,14.882857142857144,535.2857142857143,544.2857142857143,1374.922880859375,0.022857143144522397,42.495717947823685,33.597137451171896,59.21571328299387,865.1428571428571,99.0,857.8571428571429,857.8571428571429,966.7142857142856,442.71428571428567,442.71428571428567,58.08571461268834,64.28571428571429,6.6571428571428575,6.6571428571428575,22.771428571428572,22.771428571428572,0.019999999616827285,-3.5971428462437225,,,38.52499961853027,,0.21285714285714288,0.21285714285714288,33.021424211774566,8.8,8.8,30.885714285714283,30.397142857142853,793.7114229910718,11.898573521205378,187.81000279017857,23.49999898274741,278.0928606305804,34.850002615792434,,21.457142857142856,,20.571428571428573,20.571428571428573,22.0,22.0,-30.0,-30.0,-7.666666666666668,-7.666666666666668,0.0,0.0,-78.08571428571429,21.142857142857142,21.142857142857142,21.142857142857142,30.285714285714285,32.128571428571426,31.47714285714286,-14.857142857142858,-14.857142857142858,-0.9942857142857144,-1.5285714285714287,98.64,110.84857142857142,108.13428571428572,98.3757142857143,43.8,81.97714285714284,106.78285714285715,5.820000075612749,3.1057142945698333,8.08285700253078,6.102857084955487,5.880000005449567,12.159999832085203,4.28714282972472,1.05,1.05,3396.5714285714284,4457.142857142857,2392.428571428572,2392.428571428572,2383.714285714286,2383.714285714286,8.714285714285714,8.714285714285714,3259.4285714285716,23.44327142857143,114.64472857142857,113.97285714285715,4361.142857142857,0.37428571428571455,17.574285714285715,,,,2087.0,1.0,2088.0,13934.0
1,45,CHN,China,576,Guangdong,9811,Huizhou,Hu锟絲hou,???,,,D锟絡锟絪h?,Prefecture City,Unknown,Present,,9.867862,0.997726,1539,23.25,115.25,,,,-2.9616666595141097,1100.1666666666667,,1071.0,,1075.5,1095.0,1076.8333333333333,1096.3333333333333,-0.6566666600604852,-2.1666666430731616,-0.8440000057220459,0.28148333333333336,2461.333333333333,2461.333333333333,0.3619833333333333,0.28951666666666664,20.124999959468838,5846.0100390625,3102.4033089192712,1450.5683268229168,5389.666666666667,5389.666666666667,3856.333333333334,3856.333333333334,182.33333333333331,,912.0,,16554.333333333332,367.83333333333326,1827.166666666667,1827.166666666667,1313.0,1313.0,1006.1666666666665,71.66666666666667,194.33333333333331,5892.833333333332,5892.833333333332,1.0,1.0,8.34666666984558,-0.3815,10.333333333333334,504.16666666666674,511.33333333333326,1534.726678059896,0.051666668616235256,42.16333516438804,33.818334960937534,53.74999910990397,882.0,102.5,818.5,818.5,980.5,507.33333333333326,507.33333333333326,57.90333302815755,66.16666666666667,5.883333333333333,5.883333333333333,15.133333333333333,15.133333333333333,0.01999999962747097,-3.3316666841506963,,,24.447999954223636,,0.19166666666666665,0.19166666666666665,32.78499552408857,-0.3333333333333333,-0.3333333333333333,30.5,30.27666666666667,926.0866625976564,11.599997965494811,215.84333496093757,22.042004394531276,281.4983317057292,33.28833211263023,,21.466666666666665,,17.0,17.0,12.5,12.5,,,-8.0,-8.0,,,-76.86666666666667,17.833333333333332,17.833333333333332,17.833333333333332,25.5,32.583333333333336,31.51,-3.1666666666666665,-3.1666666666666665,-0.89,-0.023333333333333428,213.2733333333333,224.61166666666668,124.08833333333332,94.76333333333334,37.095,142.88333333333333,160.46166666666667,6.084999965826671,3.095000017484029,7.35500010649363,6.208333241144817,5.718333355585735,13.683333071072896,4.481666618982951,1.1816666666666669,1.1816666666666669,3424.0,4602.666666666667,2831.5,2831.5,2824.0,2824.0,7.5,7.5,3360.0,23.37336666666667,115.41381666666668,93.78833333333333,4538.666666666667,3.4066666666666663,17.285,,,,2539.333333333333,0.99,2594.1666666666665,12770.333333333336
1,45,CHN,China,576,Guangdong,9811,Huizhou,Hu锟絲hou,???,,,D锟絡锟絪h?,Prefecture City,Unknown,Present,,9.867862,0.997726,1538,23.25,115.0,,,,-2.530000047683716,1215.8,,1351.4,,518.2,520.4,517.6,519.4,-1.5659999653697017,-2.6079999595880503,-1.760000042617321,0.29048,1577.0,1577.0,0.38082,0.3065,23.8159997253418,5859.954050781251,3114.6900234375,1460.8579951171876,4504.0,4504.0,3352.25,3352.25,257.6,,1075.34,,16723.6,270.0,2361.6,2361.6,1691.8,1691.8,981.0,56.8,159.8,5242.0,5242.0,1.0,1.0,7.727999973297119,-0.42192,13.041999999999998,625.8,646.6,1785.2059912109376,0.025999999955296515,42.8180036621094,35.0900007324219,50.4,859.2,99.8,775.8,775.8,972.6,549.6,549.6,48.40399948120117,62.0,9.739999999999998,9.88,17.380000000000006,17.380000000000006,0.017999999642372134,-2.9040000820159912,,,31.459999561309814,,0.5119999999999999,0.518,34.297998046875016,4.25,4.25,31.34,31.37,1112.492002441407,12.190002441406277,250.85999707031243,22.56500396728518,285.93800170898436,35.1559997558594,,20.66,,15.2,14.8,6.0,6.0,,,-11.0,-11.0,,,-77.30000000000003,15.8,15.8,15.8,23.2,32.08,32.226,0.8,0.8,-0.3120000000000001,-0.9620000000000001,146.648,157.26399999999995,47.03399999999999,42.47,25.344,162.42,161.25799999999995,4.553999991416932,2.9259999618530275,5.821999956130981,7.570000154495241,5.027999984741211,4.220000001907349,3.9159999847412115,1.524,1.524,3462.4,5043.2,2921.2,2921.2,2921.2,2921.2,0.0,0.0,3385.6,23.37208,115.09906,117.03,4966.4,4.210000000000001,17.562,,,,2473.8,0.96,2677.2,9384.2
1,45,CHN,China,576,Guangdong,9811,Huizhou,Hu锟絲hou,???,,,D锟絡锟絪h?,Prefecture City,Unknown,Present,,9.867862,0.997726,1537,23.25,114.75,,,,-1.5,823.0,,1138.0,,525.0,497.0,525.0,497.0,0.0,-4.099999904632568,0.0,0.0237,1077.0,1077.0,0.0405,0.0303,17.889999389648438,5856.0,3107.89990234375,1453.219970703125,2296.0,2296.0,1981.0,1981.0,287.0,,1245.5,,16881.0,225.0,982.0,982.0,904.0,904.0,963.0,38.0,155.0,4880.0,4880.0,1.0,1.0,8.619999885559082,-0.5497,13.82,634.0,660.0,1445.0,0.0,42.7700134277344,34.149987792968766,49.9000015258789,839.0,98.0,897.0,897.0,970.0,565.0,565.0,51.9000015258789,56.0,9.8,9.8,16.9,16.9,0.019999999552965164,-1.7000000476837158,,,38.0,,0.18,0.18,33.550012207031266,16.0,16.0,33.2,30.18,-0.6499999999999773,12.149987792968776,20.249993896484398,23.050012207031273,276.29998779296875,35.85000000000002,,20.8,,23.0,23.0,,,,,,,,,-78.2,23.0,23.0,23.0,36.0,34.4,31.24,3.0,3.0,-1.32,-0.7,92.37,90.0,114.11,84.94,76.89,80.09,82.82,1.2100000381469729,1.6499999761581419,9.5,7.1500000953674325,4.360000133514403,3.140000104904175,2.640000104904175,0.81,0.81,4096.0,2976.0,284.0,284.0,284.0,284.0,0.0,0.0,3904.0,23.4846,114.9764,19.87,2976.0,19.97,21.82,,,,218.0,1.0,218.0,25003.0
1,45,CHN,China,576,Guangdong,9811,Huizhou,Hu锟絲hou,???,,,D锟絡锟絪h?,Prefecture City,Unknown,Present,,9.867862,0.997726,1534,23.25,114.0,,,,-4.724999904632568,1868.0,,1452.5,,711.0,670.5,711.0,670.5,-0.5300000160932541,-2.115000009536743,-0.5300000160932541,0.17245000000000002,2769.0,2769.0,0.1973,0.17305,8.145000219345091,5842.510009765625,3098.89501953125,1442.1950073242188,4037.0,4037.0,3952.0,3952.0,373.0,,702.5,,16911.5,195.5,852.5,852.5,1009.5,1009.5,972.0,7.5,166.0,6887.0,6887.0,1.0,1.0,9.21500015258789,-0.54925,16.875,686.0,687.5,1279.594970703125,0.0,42.60999450683596,33.389993286132835,55.64999961853027,883.0,97.0,909.0,909.0,959.0,501.5,501.5,70.14999961853027,72.0,6.4,6.4,24.65,24.65,0.019999999552965164,-5.460000038146973,,,31.65499973297119,,0.16,0.16,32.79999694824221,7.0,7.0,30.2,34.86,-2.5950073242187277,12.000009155273464,20.50000915527346,26.100000000000023,273.375,33.79999694824221,,23.15,,25.0,25.0,,,,,-11.0,-11.0,,,-79.75,25.0,25.0,25.0,33.0,31.3,40.675,-11.5,-11.5,0.09999999999999998,-1.11,200.18,200.745,64.07,46.125,45.27,28.55,203.31,1.625,1.9350000023841856,7.444999933242799,6.110000133514403,3.985000133514404,2.955000042915344,2.6949999332427983,0.91,0.91,3664.0,2832.0,1796.5,1796.5,1794.5,1794.5,2.0,2.0,3520.0,23.3612,114.21985,20.915,2736.0,8.28,20.56,,,,1586.0,1.0,1589.0,26255.5
1,45,CHN,China,576,Guangdong,9811,Huizhou,Hu锟絲hou,???,,,D锟絡锟絪h?,Prefecture City,Unknown,Present,,9.867862,0.997726,1535,23.25,114.25,,,,-0.30000001192092896,10.0,,11.0,,675.0,654.0,675.0,654.0,-45.0,-22.0,0.0,0.2125,,,0.2948,0.2365,-0.8700000047683716,5824.97021484375,3075.85009765625,1425.780029296875,,,,,490.0,,801.8,,16859.0,156.0,1248.0,1248.0,1142.0,1142.0,863.0,2.0,162.0,3947.0,3947.0,1.0,1.0,9.729999542236328,-0.5131,11.85,118.0,120.0,1196.0400390625,0.03999999910593033,40.77999267578127,31.050012207031273,60.4000015258789,861.0,98.0,867.0,867.0,946.0,630.0,630.0,51.9000015258789,68.0,3.0,3.0,10.8,10.8,0.019999999552965164,-0.10000000149011612,,,-11.0,,0.19,0.19,30.950006103515648,,,27.1,31.2,-2.2500061035156023,10.350000000000025,19.050012207031273,20.749993896484398,283.0,37.14998779296877,,19.2,,17.0,17.0,20.0,20.0,,,,,,,-78.5,20.0,20.0,20.0,23.0,30.0,36.19,7.0,7.0,0.45,-4.73,321.85,325.3,284.47,57.53,17.24,270.25,3.27,3.140000104904175,3.1600000858306885,3.2000000476837163,1.2999999523162842,6.070000171661378,53.5,3.509999990463257,1.03,1.03,2944.0,6144.0,2441.0,2441.0,2441.0,2441.0,0.0,0.0,2944.0,23.299,114.2752,170.34,6144.0,-9.19,14.89,,,,1958.0,1.0,1958.0,1201.0
1,45,CHN,China,576,Guangdong,9811,Huizhou,Hu锟絲hou,???,,,D锟絡锟絪h?,Prefecture City,Unknown,Present,,9.867862,0.997726,1600,23.5,114.25,,,,-2.926666736602783,829.0,,952.6666666666665,,794.6666666666665,778.6666666666665,794.6666666666665,778.6666666666665,-3.6300000349680577,-4.579999923706055,-3.4399999777475987,0.042800000000000005,2154.0,2154.0,0.08466666666666668,0.061666666666666675,11.066665967305504,5858.58349609375,3108.666748046875,1449.3000081380205,3970.0,3970.0,3726.0,3726.0,488.0,,1288.9,,16998.0,183.66666666666663,1329.0,1329.0,1326.3333333333333,1326.3333333333333,824.0,26.33333333333333,130.66666666666666,7316.333333333332,7316.333333333332,1.0,1.0,7.630000114440918,-0.6301,16.426666666666666,499.33333333333326,510.0,1497.7899983723955,0.0,43.5466756184896,35.91666056315106,50.26666641235352,815.3333333333335,95.66666666666669,861.6666666666665,861.6666666666665,947.0,477.33333333333326,477.33333333333326,50.033334096272796,55.33333333333334,6.966666666666666,6.966666666666666,21.33333333333333,21.33333333333333,0.019999999552965164,-3.2100000381469727,,,31.199999491373703,,0.19666666666666668,0.19666666666666668,34.859999593098976,9.0,9.0,32.36666666666667,32.35,-2.050004069010394,12.850000000000026,22.01667683919273,22.28333943684898,281.8666687011719,37.98333129882815,,19.566666666666666,,22.33333333333333,22.33333333333333,24.0,24.0,-17.0,-17.0,-6.0,-6.0,0.0,0.0,-79.03333333333335,23.33333333333333,23.33333333333333,23.33333333333333,33.666666666666664,35.166666666666664,35.169999999999995,-15.0,-15.0,-0.14666666666666667,-1.53,17.75,18.306666666666672,64.02666666666667,71.69,40.98666666666667,109.94666666666666,20.296666666666667,1.5733333826065063,1.8566666444142657,7.546666622161865,5.980000019073486,3.25,18.07666667302449,2.3999999761581425,1.1966666666666663,1.1966666666666663,3136.0,3936.0,503.33333333333326,503.33333333333326,490.66666666666674,490.66666666666674,12.666666666666664,12.666666666666664,3104.0,23.639166666666664,114.345,131.01,3872.0,-4.34,15.863333333333335,,,,394.33333333333326,1.0,394.33333333333326,18003.333333333332
1,45,CHN,China,576,Guangdong,9811,Huizhou,Hu锟絲hou,???,,,D锟絡锟絪h?,Prefecture City,Unknown,Present,,9.867862,0.997726,1599,23.5,114.0,,,,-3.524999990065893,1378.166666666667,,1408.166666666667,,565.1666666666666,564.1666666666666,565.5,564.5,-5.943333327770232,-2.788333336512248,-7.13199999332428,0.14518333333333336,1999.75,1999.75,0.1906,0.1527666666666667,18.889999562899273,5849.571748046875,3104.191682942708,1448.2233349609376,3686.25,3686.25,3116.5,3116.5,468.0,,708.2833333333333,,16757.166666666668,193.66666666666663,2029.5,2029.5,1529.833333333333,1529.833333333333,819.8333333333335,23.83333333333333,128.5,5039.5,5039.5,1.0,1.0,8.696666692097983,-0.4950166666666667,11.916666666666664,499.0,509.5,1166.6716918945312,0.0016666666294137638,42.47667399088544,33.78000284830731,52.81666666666666,873.8333333333335,99.66666666666669,802.3333333333335,802.3333333333335,948.6666666666665,564.6666666666666,564.6666666666666,64.35000076293943,72.5,7.900000000000001,7.900000000000001,13.983333333333333,13.983333333333333,0.01999999962747097,-3.9700000050167237,,,36.66199989318848,,0.355,0.355,32.566667683919285,8.75,8.75,29.3,29.30333333333333,926.1483359781907,11.88333536783857,210.48000712076814,23.2100036621094,282.4750010172526,33.66665954589846,,22.25,,16.833333333333332,15.833333333333336,22.0,14.666666666666664,-10.0,-10.0,-7.0,-7.0,,,-78.83333333333333,18.0,18.0,18.0,25.16666666666667,30.98333333333333,30.98166666666667,1.6666666666666667,1.6666666666666667,0.008333333333333312,-2.06,142.965,136.14166666666665,110.97166666666668,59.34000000000001,29.48833333333333,169.075,137.85500000000002,5.3050000254313145,2.443333357175191,4.483333310286205,5.306666587988535,4.200000049273173,21.241667160987856,3.1066666444142665,1.3766666666666667,1.3766666666666667,3280.0,4026.666666666666,1640.666666666667,1640.666666666667,1640.666666666667,1640.666666666667,0.0,0.0,3200.0,23.6452,114.15905,100.36166666666666,3946.666666666666,-1.425,17.423333333333336,,,,1329.1666666666667,0.9966666666666668,1337.8333333333333,17221.0
1,45,CHN,China,576,Guangdong,9811,Huizhou,Hu锟絲hou,???,,,D锟絡锟絪h?,Prefecture City,Unknown,Present,,9.867862,0.997726,1601,23.5,114.5,,,,-2.8366666634877524,996.0,,1190.0,,948.0,914.0,945.6666666666665,911.3333333333335,-0.4666666587193806,-1.5,-0.24666666984558105,0.18376666666666666,2154.0,2154.0,0.2337666666666667,0.19396666666666665,22.26000003019969,5849.09326171875,3105.3466796875,1451.0833740234375,3756.0,3756.0,3267.0,3267.0,349.0,,963.4333333333333,,16793.333333333332,168.0,1189.0,1189.0,1197.3333333333333,1197.3333333333333,909.0,23.33333333333333,147.0,7087.333333333332,7087.333333333332,1.0,1.0,9.470000267028807,-0.5631,15.383333333333335,475.66666666666674,483.33333333333326,1283.6333414713542,0.0,42.48000488281252,33.00999348958336,52.43333435058594,861.0,98.66666666666669,875.6666666666665,875.6666666666665,963.3333333333335,491.0,491.0,61.43999989827475,64.33333333333333,6.633333333333333,6.666666666666668,20.766666666666666,20.766666666666666,0.019999999552965164,-3.4500000476837163,,,15.993333180745445,,0.17666666666666667,0.17666666666666667,32.18332316080731,9.0,9.0,30.399999999999995,31.33333333333333,-3.080002848307269,11.883335367838571,19.51666666666669,23.093326822916694,275.4800008138021,32.946669514973976,,20.866666666666667,,21.66666666666667,21.66666666666667,,,-33.0,-33.0,-6.0,-6.0,5.0,5.0,-78.63333333333334,21.66666666666667,21.66666666666667,21.66666666666667,30.66666666666667,31.633333333333336,33.13,-14.0,-14.0,-0.4266666666666667,-2.7099999999999995,137.78,139.46333333333334,148.58666666666667,18.696666666666673,32.32333333333333,112.68666666666664,22.116666666666664,2.806666652361552,3.3700000445048013,4.566666801770529,5.349999984105428,5.3233334223429365,23.343333641688034,4.6866666475931815,1.0766666666666669,1.0766666666666669,3328.0,3840.0,2011.0,2011.0,2004.666666666667,2004.666666666667,6.333333333333332,6.333333333333332,3168.0,23.63046666666667,114.57753333333334,135.09666666666666,3776.0,-2.4,19.046666666666667,,,,1691.333333333333,0.9966666666666668,1694.0,18671.33333333333
1,45,CHN,China,576,Guangdong,9811,Huizhou,Hu锟絲hou,???,,,D锟絡锟絪h?,Prefecture City,Unknown,Present,,9.867862,0.997726,1665,23.75,114.25,,,,-1.2000000178813934,503.5,,502.5,,1058.5,1046.0,1058.5,1046.0,-16.0,-3.0,-16.0,0.28275,,,0.3015,0.2848,18.199999809265137,5841.465087890625,3097.0,1442.4850463867188,,,,,388.5,,1210.3,,17012.0,320.5,1505.0,1505.0,1364.0,1364.0,813.0,91.0,157.0,3600.0,3600.0,1.0,1.0,7.8400001525878915,-0.4313,9.02,696.0,699.0,1220.0400390625,0.004999999888241291,41.94001159667971,34.100000000000016,47.0,831.5,95.5,843.5,843.5,957.5,659.0,659.0,59.70000076293945,56.5,7.1,7.1,11.05,11.05,0.019999999552965164,-1.550000000745058,,,24.5,,0.18,0.18,32.400003051757835,,,30.700000000000006,29.9,-1.8999999999999773,11.400003051757839,20.150003051757835,21.54999694824221,288.3000030517578,33.79999694824221,,18.7,,19.5,19.5,,,,,,,,,-79.2,19.5,19.5,19.5,29.5,33.35,33.205,9.0,9.0,-0.035,-2.945,178.655,178.48999999999995,163.175,43.79,16.03,270.06,181.18,3.515000104904175,3.685000061988831,2.9899999499320984,3.1250000596046448,4.155000090599061,57.6500015258789,4.079999923706056,1.23,1.23,3376.0,4704.0,2731.0,2731.0,2731.0,2731.0,0.0,0.0,3232.0,23.97465,114.43775,89.53999999999998,4512.0,-0.46,15.775000000000002,,,,2606.0,1.0,2606.0,12058.5
1,45,CHN,China,576,Guangdong,9811,Huizhou,Hu锟絲hou,???,,,D锟絡锟絪h?,Prefecture City,Unknown,Present,,9.867862,0.997726,1664,23.75,114.0,,,,-1.697499975562096,863.25,,831.25,,1244.75,1237.25,1241.0,1233.5,-8.214999994263053,-1.8824999928474424,-7.990000000223517,0.323925,3077.0,3077.0,0.384025,0.32495,7.022499918937683,5832.0875244140625,3081.7724609375,1428.0750427246094,5108.0,5108.0,4315.5,4315.5,487.0,,805.2749999999999,,16853.25,390.0,1495.25,1495.25,1188.5,1188.5,1017.5,88.75,173.5,7170.0,7170.0,1.0,1.0,9.632500171661377,-0.4987750000000001,11.8475,731.25,733.5,1082.1925201416016,0.012499999720603228,42.30250701904299,32.669999694824234,51.82499980926514,861.5,97.75,843.0,843.0,946.0,475.5,475.5,66.55749893188478,69.0,6.25,6.25,17.924999999999994,17.924999999999994,0.019999999552965164,-2.0149999503046274,,,16.662500143051147,,0.1575,0.1575,31.18250427246096,1.0,1.0,28.300000000000004,28.2975,-2.19750061035154,11.725000000000026,19.54999694824221,22.30999908447268,282.0450057983398,31.329995727539085,,20.3,,18.5,18.5,16.0,16.0,-31.0,-31.0,-7.0,-7.0,,,-78.675,19.0,19.0,19.0,26.75,30.200000000000006,30.195,-13.25,-13.25,-0.0975,-2.925,93.6325,93.39,173.645,31.520000000000003,15.605,139.70999999999998,95.07,2.9424999952316284,3.3425000309944157,4.745000034570693,3.815000087022781,5.2600000500679025,31.650000810623172,4.5325000286102295,1.07,1.07,3232.0,4120.0,3501.0,3501.0,3386.5,3386.5,114.5,114.5,3136.0,23.90605,114.10985,93.365,3976.0,-3.3675,16.485,,,,2980.75,1.0,2985.0,16506.5
2,45,CHN,China,576,Guangdong,9812,Jiangmen,Jiangm锟絥,???,,,D锟絡锟絪h?,Prefecture City,Unknown,Present,,10.24635,0.822387,1233,22.0,113.0,,,,-5.8499999046325675,2035.0,,1776.0,,1674.0,1545.0,1674.0,1545.0,-0.4600000083446503,-2.2300000190734863,-0.4600000083446503,0.0467,4307.0,4307.0,0.0763,0.0528,-1.870000004768372,5838.27978515625,3092.60009765625,1432.0999755859375,5568.0,5568.0,4932.0,4932.0,74.0,,737.8,,16779.0,87.0,637.0,637.0,625.0,625.0,758.0,0.0,141.0,6089.0,6089.0,1.0,1.0,9.43000030517578,-0.5926,8.76,669.0,672.0,1053.7900390625,0.0,42.67000732421877,33.230004882812516,65.80000305175781,909.0,99.0,930.0,930.0,991.0,484.0,484.0,68.19999694824219,71.0,4.5,4.5,16.8,16.8,0.019999999552965164,-6.420000076293945,,,4.309999942779541,,0.07,0.07,32.550012207031266,-2.0,-2.0,31.4,31.36,-3.340002441406228,12.050012207031276,20.749993896484398,25.749993896484398,269.54998779296875,33.95000610351565,,24.0,,26.0,26.0,,,,,,,,,-80.6,26.0,26.0,26.0,34.0,33.2,33.22,-5.0,-5.0,1.53,-1.05,338.26,340.34,7.55,1.14,5.06,0.08,353.39,2.0999999046325684,2.4200000762939453,2.390000104904175,3.0699999332427983,3.859999895095825,4.110000133514403,3.75,0.56,0.56,2944.0,2976.0,620.0,620.0,620.0,620.0,0.0,0.0,2944.0,22.1836,113.0482,202.38,2784.0,-9.19,18.38,,,,430.0,1.0,430.0,25407.0
2,45,CHN,China,576,Guangdong,9812,Jiangmen,Jiangm锟絥,???,,,D锟絡锟絪h?,Prefecture City,Unknown,Present,,10.24635,0.822387,1232,22.0,112.5,,,,-4.074999928474426,1285.0,,1180.5,,606.0,563.5,606.0,563.5,-1.7300000190734863,-1.3149999976158142,-1.6299999952316284,0.382,0.0,0.0,0.46915,0.3835,-19.085000276565548,5818.27001953125,3066.860107421875,1411.0599975585938,4302.0,4302.0,2213.0,2213.0,37.5,,764.7,,16639.5,35.0,2405.5,2405.5,1361.0,1361.0,398.0,0.0,43.5,8232.0,8232.0,1.0,1.0,10.739999771118164,-0.48865,15.19,751.0,773.5,1108.9750366210938,0.14499999955296514,42.33500061035159,31.590005493164085,70.29999923706055,908.0,101.5,772.5,772.5,993.0,433.5,433.5,69.25,70.0,10.6,10.6,25.75,25.75,0.019999999552965164,-4.509999990463257,,,14.65500020980835,,0.685,0.685,31.249993896484394,6.0,6.0,30.9,29.335,-2.39501037597654,11.750009155273464,19.75000915527346,25.100000000000023,267.82501220703125,32.29999694824221,,23.25,,15.5,15.5,16.5,16.5,-13.0,-13.0,-7.0,-7.0,,,-78.35,16.5,16.5,16.5,22.5,31.55,30.215,-21.5,-21.5,-0.38,-2.11,190.97,190.9,43.38,21.555,28.285,21.06,197.615,3.315000057220459,3.725000023841858,5.850000262260437,5.125,6.664999961853027,6.825000047683716,6.259999990463258,1.225,1.225,2944.0,4560.0,4299.5,4299.5,3958.5,3958.5,341.0,341.0,2848.0,22.1719,112.67005,200.65,4464.0,-12.11,17.475,,,,3520.0,0.995,3520.5,13305.0
2,45,CHN,China,576,Guangdong,9812,Jiangmen,Jiangm锟絥,???,,,D锟絡锟絪h?,Prefecture City,Unknown,Present,,10.24635,0.822387,1337,22.5,112.5,,,,-1.7000000476837158,434.0,,585.0,,274.0,301.0,274.0,301.0,0.0,-45.29999923706055,-0.10000000149011612,0.5046,1231.0,1231.0,0.5637,0.5161,-36.93999862670898,5801.72021484375,3044.81005859375,1391.97998046875,4284.0,4284.0,2904.0,2904.0,1.0,,791.6,,16500.0,58.0,2453.0,2453.0,1673.0,1673.0,669.0,0.0,84.0,7562.0,7562.0,1.0,1.0,11.279999732971193,-0.4115,17.43,327.0,342.0,1260.0,0.119999997317791,42.33001098632815,31.050012207031273,71.30000305175781,907.0,104.0,750.0,750.0,995.0,399.0,399.0,67.19999694824219,69.0,8.3,8.3,24.8,24.8,0.019999999552965164,-2.200000047683716,,,26.0,,0.42,0.42,30.64998779296877,6.0,6.0,30.4,30.36,-1.1499999999999773,11.749993896484401,18.450006103515648,23.950006103515648,267.79998779296875,31.249993896484398,,22.5,,14.0,14.0,,,,,-7.0,-7.0,,,-76.1,14.0,14.0,14.0,24.0,29.9,29.95,-10.0,-10.0,-2.29,-3.17,40.99,40.94,79.85,45.41,58.27,44.4,43.16,4.150000095367432,4.789999961853027,12.81999969482422,7.980000019073486,9.09000015258789,8.819999694824219,8.159999847412111,1.51,1.51,2944.0,6144.0,4744.0,4744.0,4669.0,4669.0,75.0,75.0,2848.0,22.5291,112.5782,199.49,6048.0,-12.11,16.99,,,,4611.0,0.99,4650.0,1205.0
2,45,CHN,China,576,Guangdong,9812,Jiangmen,Jiangm锟絥,???,,,D锟絡锟絪h?,Prefecture City,Unknown,Present,,10.24635,0.822387,1338,22.5,112.75,,,,-2.0,499.0,,585.0,,419.0,428.0,419.0,428.0,0.0,0.0,0.0,0.7788,1692.0,1692.0,0.9104,0.7776,-38.61000061035156,5799.56005859375,3041.1298828125,1389.4200439453125,4284.0,4284.0,3059.0,3059.0,1.0,,791.6,,16500.0,47.0,1755.0,1755.0,1367.0,1367.0,600.0,0.0,86.0,9073.0,9073.0,1.0,1.0,11.460000038146973,-0.458,15.88,855.0,855.0,1165.0400390625,0.2899999916553497,42.11000976562502,30.64998779296877,74.5,907.0,104.0,815.0,815.0,995.0,328.0,328.0,72.0,69.0,9.3,9.3,20.7,20.7,0.019999999552965164,-2.200000047683716,,,24.0,,0.29,0.29,30.450006103515648,6.0,6.0,30.4,30.36,-0.9499877929687272,11.550012207031276,18.350000000000023,24.249993896484398,266.29998779296875,29.64998779296877,,22.5,,17.0,17.0,,,,,-5.0,-5.0,2.0,2.0,-76.1,17.0,17.0,17.0,18.0,29.9,29.95,-20.0,-20.0,-2.29,-3.17,42.24,41.35,80.97,48.81,47.49,37.35,37.74,4.550000190734863,5.329999923706055,16.180000305175778,7.6500000953674325,9.59000015258789,10.039999961853027,9.399999618530273,1.23,1.23,2944.0,6144.0,8390.0,8390.0,8235.0,8235.0,155.0,155.0,2944.0,22.5865,112.9468,199.14,6048.0,-9.19,17.31,,,,7177.0,1.0,7177.0,1204.0
2,45,CHN,China,576,Guangdong,9812,Jiangmen,Jiangm锟絥,???,,,D锟絡锟絪h?,Prefecture City,Unknown,Present,,10.24635,0.822387,1399,22.75,113.0,,,,-5.25,1776.0,,1694.0,,1246.5,1197.5,1246.5,1197.5,-1.800000011920929,-1.9499999880790708,-1.800000011920929,0.13115,2999.5,2999.5,0.27835,0.1772,10.93500018119812,5853.2001953125,3109.81494140625,1453.4049682617188,6229.5,6229.5,4990.0,4990.0,9.0,,1222.3,,17077.5,4.0,2712.0,2712.0,1990.5,1990.5,227.0,0.0,13.5,8638.5,9717.0,1.0,1.0,8.704999923706055,-0.512,13.06,365.5,377.5,1320.52001953125,0.0,42.55500183105471,33.850000000000016,59.0,868.0,94.0,748.5,748.5,1000.0,359.5,303.5,54.70000076293945,57.0,7.0,7.0,20.6,18.45,0.019999999552965164,-5.299999952316284,,,8.0,,0.5850000000000001,0.5850000000000001,33.850000000000016,-4.5,-4.5,34.1,34.475,-2.550009155273415,11.950006103515651,20.899987792968773,24.400003051757835,281.84999084472656,39.85000000000002,,21.95,,13.0,27.0,3.0,3.0,,,-11.0,-11.0,,,-79.65,15.0,15.0,15.0,36.5,40.7,39.0,-20.0,-26.0,0.07500000000000001,-0.675,219.255,216.435,201.675,66.985,38.755,147.83,33.78,1.5400000512599945,1.6950000524520874,4.764999866485597,6.949999809265138,4.0,27.19499921798706,2.365000009536743,1.79,1.79,3376.0,3408.0,1570.0,1570.0,1455.5,1455.5,114.5,114.5,3232.0,22.8567,113.1762,95.74,3216.0,-0.46,17.634999999999994,,,,1205.5,0.995,1208.5,21958.5
3,45,CHN,China,576,Guangdong,9807,Dongguan,Dongguan,???,,,D锟絡锟絪h?,Prefecture City,Unknown,Present,,2.794603,0.212934,1470,23.0,113.75,,,,-3.714999973773956,1461.0,,1310.5,,892.75,869.0,892.75,869.0,-1.5099999997764826,-1.2675000061281023,-1.4950000001117587,0.3001,2205.333333333333,2205.333333333333,0.382,0.307525,18.372499465942386,5856.4075927734375,3110.0299682617188,1455.2350158691406,5369.0,5369.0,3931.666666666666,3931.666666666666,136.25,,964.7,,16614.75,36.25,2218.75,2218.75,1561.75,1561.75,492.0,0.0,58.0,6174.75,6174.75,1.0,1.0,9.642499804496763,-0.436175,10.732500000000002,622.75,624.0,1362.1475219726562,0.10249999910593033,42.46750030517581,32.824998474121124,59.39999961853027,881.25,101.75,789.25,789.25,985.25,492.0,492.0,58.18000030517578,66.0,6.949999999999998,6.949999999999998,11.725,11.725,0.019999999552965164,-3.807500064373016,,,45.91750001907349,,0.3375,0.3375,32.6499954223633,0.0,0.0,31.4,32.405,-2.0499938964843527,11.874993896484401,19.92499694824221,23.80749664306643,276.29749298095703,36.3225036621094,,21.8,,11.75,11.75,8.0,8.0,,,,,,,-78.175,17.25,17.25,17.25,25.0,33.675,35.4525,-3.5,-3.5,-0.6225,-1.965,102.96,104.35,87.38250000000002,53.715,38.115,117.41,113.25,2.6649999916553497,3.0850000083446503,9.612499833106996,7.434999942779541,6.9375,5.7125000953674325,5.192500114440918,1.4075,1.4075,3232.0,4336.0,3024.0,3024.0,2972.75,2972.75,51.25,51.25,3136.0,23.101775,113.938025,137.315,4240.0,-3.38,18.39,,,,2766.0,1.0,2765.5,14855.0
4,45,CHN,China,576,Guangdong,9808,Foshan,F锟絪han,???,,,D锟絡锟絪h?,Prefecture City,Unknown,Present,,4.464386,0.342003,1398,22.75,112.75,,,,-4.900000095367432,1689.0,,1000.0,,1378.0,1344.0,1378.0,1344.0,-2.0,-2.0,-2.0,0.1305,6154.0,6154.0,0.1773,0.1298,7.480000019073486,5858.72021484375,3111.679931640625,1453.5899658203125,8654.0,8654.0,7419.0,7419.0,49.0,,1027.3,,17237.0,90.0,1235.0,1235.0,1265.0,1265.0,672.0,0.0,112.0,9650.0,9650.0,1.0,1.0,8.359999656677246,-0.5417,10.65,649.0,649.0,1429.0,0.0,43.110009765625016,34.7499938964844,55.20000076293945,884.0,91.0,871.0,871.0,996.0,304.0,304.0,50.4000015258789,62.0,7.6,7.6,19.3,19.3,0.019999999552965164,-4.900000095367432,,,-27.0,,0.14,0.14,34.7499938964844,-17.0,-17.0,32.3,35.39,-2.2500061035156023,12.450006103515651,21.149987792968773,23.950006103515648,287.79998779296875,41.55001220703127,,22.1,,23.0,23.0,,,,,-11.0,-11.0,,,-81.1,23.0,23.0,23.0,34.0,33.7,41.01,-25.0,-25.0,-1.26,2.39,80.93,73.35,315.0,81.24,36.21,270.04,50.79,0.9499999880790708,1.0099999904632568,1.559999942779541,5.9099998474121085,2.0799999237060547,50.599998474121094,1.4700000286102295,1.14,1.14,2944.0,3552.0,1588.0,1588.0,1561.0,1561.0,27.0,27.0,2944.0,22.7532,112.8299,170.85,3360.0,-9.19,14.87,,,,1203.0,1.0,1203.0,21007.0
4,45,CHN,China,576,Guangdong,9808,Foshan,F锟絪han,???,,,D锟絡锟絪h?,Prefecture City,Unknown,Present,,4.464386,0.342003,1468,23.0,113.0,,,,-5.5,1908.0,,1182.0,,2541.0,2441.0,2541.0,2441.0,0.0,0.0,0.0,0.3651,4462.0,4462.0,0.5424,0.4518,15.170000076293945,5849.9599609375,3109.81005859375,1454.9200439453125,6549.0,6549.0,5543.0,5543.0,188.0,,993.5,,16961.0,7.0,1106.0,1106.0,1081.0,1081.0,199.0,0.0,12.0,15157.0,15157.0,1.0,1.0,8.850000381469727,-0.601,16.67,255.0,255.0,1248.0400390625,0.0,41.9999938964844,33.149987792968766,61.79999923706055,874.0,96.0,884.0,884.0,981.0,133.0,133.0,59.099998474121094,63.0,5.2,5.2,29.4,29.4,0.019999999552965164,-5.699999809265138,,,44.0,,0.09,0.09,33.149987792968766,-6.0,-6.0,32.2,33.56,-2.7500061035156023,11.450006103515651,20.749993896484398,25.050012207031273,276.39999389648443,37.2499938964844,,22.3,,23.0,23.0,,,-23.0,-23.0,-7.0,-7.0,,,-78.9,23.0,23.0,23.0,36.0,33.6,36.99,-68.0,-68.0,-0.87,-1.6,8.33,9.82,82.6,51.36,40.57,29.34,23.61,2.0,2.3399999141693115,9.170000076293944,8.420000076293945,6.4099998474121085,4.239999771118163,3.650000095367432,0.97,0.97,3520.0,2976.0,3955.0,3955.0,3497.0,3497.0,458.0,458.0,3424.0,23.2159,113.082,21.06,2976.0,5.36,20.18,,,,3365.0,1.0,3365.0,25202.0
4,45,CHN,China,576,Guangdong,9808,Foshan,F锟絪han,???,,,D锟絡锟絪h?,Prefecture City,Unknown,Present,,4.464386,0.342003,1530,23.25,113.0,,,,-5.349999904632568,1552.0,,1343.0,,1154.0,1084.0,1154.0,1084.0,0.03999999910593033,-0.029999999329447743,0.03999999910593033,0.0409,2923.0,2923.0,0.0719,0.0497,-7.550000190734862,5839.35986328125,3093.949951171875,1435.4200439453125,3855.0,3855.0,3856.0,3856.0,227.0,,1246.2,,16806.0,44.0,762.0,762.0,933.0,933.0,415.0,0.0,66.0,5800.0,5800.0,1.0,1.0,8.25,-0.8077,10.27,682.0,682.0,1481.7099609375,0.0,42.77999267578127,34.529992675781266,59.599998474121094,842.0,98.0,917.0,917.0,974.0,502.0,502.0,52.79999923706055,56.0,5.9,5.9,15.9,15.9,0.019999999552965164,-5.519999980926514,,,14.3100004196167,,0.12,0.12,34.2499938964844,8.0,8.0,33.2,36.15,-3.340002441406228,12.149987792968776,20.649987792968773,23.950006103515648,277.35000610351557,39.35000000000002,,20.8,,27.0,27.0,,,,,,,,,-79.3,27.0,27.0,27.0,34.0,34.8,44.15,-3.0,-3.0,-0.01,-2.41,5.75,7.62,33.61,29.54,27.34,17.54,14.22,3.0199999809265137,3.2799999713897705,4.650000095367432,4.789999961853027,4.440000057220459,4.0,3.940000057220459,0.84,0.84,3232.0,2400.0,530.0,530.0,530.0,530.0,0.0,0.0,3040.0,23.491,113.0878,205.57,2400.0,-6.29,19.19,,,,377.0,1.0,377.0,29703.0
5,45,CHN,China,576,Guangdong,9820,Shenzhen,Shenzh锟絥,???,,,D锟絡锟絪h?,Prefecture City,Unknown,Present,,5.365538,0.168399,1342,22.5,114.5,,,,2.6,0.0,,0.0,,327.0,331.0,327.0,331.0,0.0,0.0,,0.6576,154.0,154.0,0.7024,0.6614,11.89,5847.51,3093.08,1443.44,1815.0,1815.0,1744.0,1744.0,-4.0,,1042.3,,17357.0,44.0,1693.0,1693.0,1590.0,1590.0,678.0,0.0,90.0,4662.0,4662.0,0.0,1.0,7.25,-0.2054,16.19,255.0,269.0,1831.2,0.12,41.890000000000036,34.640000000000036,52.0,886.0,89.0,825.0,825.0,1001.0,579.0,579.0,42.8,61.0,12.1,12.1,16.2,16.2,0.01,2.3,,,,,0.36,0.36,33.850000000000016,17.0,17.0,29.9,31.52,5574.360000000002,11.350000000000026,1170.29,,291.4,30.850000000000023,,19.6,,18.0,18.0,,,,,,,,,-80.8,18.0,18.0,18.0,24.0,29.3,30.68,5.0,5.0,-4.3,-1.2,38.09,81.87,12.53,78.0,49.99,61.95,72.86,14.1,3.68,1.38,8.66,7.31,5.36,4.75,1.43,1.43,3808.0,5856.0,6435.0,6435.0,6435.0,6435.0,0.0,0.0,3808.0,22.5954,114.5779,14.84,5664.0,17.03,19.64,,,,6039.0,1.0,6060.0,3107.0
5,45,CHN,China,576,Guangdong,9820,Shenzhen,Shenzh锟絥,???,,,D锟絡锟絪h?,Prefecture City,Unknown,Present,,5.365538,0.168399,1402,22.75,114.25,,,,-4.2940000057220455,1673.0,,1769.2,,1040.8,1022.8,1053.8,1045.2,-0.3079999968409538,-0.3999999910593033,-0.2840000092983246,0.21036,2500.0,2500.0,0.31542,0.21794,28.1939998626709,5861.2580078125,3120.118017578125,1465.8619873046875,5393.0,5393.0,4385.0,4385.0,115.4,,760.9,,16639.6,92.8,2181.4,2181.4,1724.4,1724.4,789.2,1.6,105.2,7776.2,7776.2,0.8,1.0,9.27800006866455,-0.5287200000000001,13.464,516.2,548.8,1337.876025390625,0.0,42.5100036621094,33.23200073242189,53.98000030517578,905.2,101.2,803.4,803.4,989.2,420.6,420.6,54.56399993896484,70.4,8.299999999999999,8.239999999999998,24.36,24.36,0.019999999552965164,-4.398000049591064,,,17.648000049591065,,0.342,0.312,33.11199951171877,-0.5,-0.5,31.06,34.278,-2.690002441406228,11.910003662109402,19.9719909667969,23.76199951171877,284.4379943847656,40.03599243164065,,23.46,,17.0,17.0,25.0,8.5,-16.0,-16.0,-8.333333333333334,-8.333333333333334,,,-78.08000000000001,17.4,17.4,17.4,26.4,33.68,40.298,-15.6,-15.6,0.7140000000000001,-0.05,186.55,185.33,118.978,46.278,19.172,209.208,167.15200000000002,1.665999984741211,1.7920000195503234,5.000000095367431,5.921999979019165,4.003999948501587,13.443999862670898,2.5519999742507933,1.5519999999999998,1.5519999999999998,3347.2,4179.2,2308.8,2308.8,2208.4,2208.4,100.4,100.4,3251.2,22.89702,114.36601999999999,83.47,4044.8,0.12600000000000014,17.5,,,,1804.6,0.932,1938.6,16026.2
5,45,CHN,China,576,Guangdong,9820,Shenzhen,Shenzh锟絥,???,,,D锟絡锟絪h?,Prefecture City,Unknown,Present,,5.365538,0.168399,1401,22.75,114.0,,,,-3.419999996821085,1279.0,,1230.0,,598.3333333333334,634.6666666666666,598.3333333333334,634.6666666666666,-1.3466666539510088,-17.289999743302662,-1.3600000341733296,0.20193333333333333,154.0,154.0,0.4873333333333333,0.2289333333333333,21.28999964396159,5856.6767578125,3109.166585286459,1455.2066650390625,4188.0,4188.0,2347.0,2347.0,11.333333333333336,,633.5,,16495.666666666668,66.33333333333333,3160.666666666666,3160.666666666666,2026.0,2026.0,626.0,0.6666666666666666,75.0,8831.0,8831.0,0.6666666666666666,1.0,10.196666717529297,-0.4701666666666667,14.449999999999998,424.66666666666674,424.33333333333326,1288.77001953125,0.18666666746139526,42.51334025065106,32.316674804687516,60.36666742960611,927.3333333333335,103.66666666666669,706.6666666666665,706.6666666666665,999.0,389.66666666666674,389.66666666666674,59.239999135335296,74.33333333333333,7.866666666666667,7.866666666666667,21.53333333333333,21.53333333333333,0.019999999552965164,-3.576666633288065,,,44.22333272298178,,0.4866666666666666,0.4866666666666666,32.11667277018231,7.0,7.0,29.73333333333333,32.153333333333336,-2.2499959309895607,11.916660563151071,19.616662597656273,23.493330891927105,275.7300008138021,35.84666341145836,,23.433333333333334,,10.333333333333334,10.333333333333334,5.5,5.5,-28.0,-28.0,-9.0,-9.0,,,-78.60000000000002,12.333333333333336,12.333333333333336,12.333333333333336,19.33333333333333,31.53333333333333,34.919999999999995,-24.0,-24.0,0.01666666666666661,-0.8066666666666666,239.64333333333332,242.42666666666665,79.43666666666667,44.86000000000001,32.27333333333333,137.43666666666667,132.19666666666666,2.113333344459534,2.393333355585734,9.793333609898884,6.886666615804035,6.5633331934611014,5.446666717529297,4.923333247502645,1.8233333333333333,1.8233333333333333,3040.0,4885.333333333333,3553.333333333333,3553.333333333333,2506.6666666666665,2506.6666666666665,1046.6666666666667,1046.6666666666667,2976.0,22.81966666666667,114.035,175.52333333333337,4725.333333333333,-8.233333333333333,17.55333333333333,,,,1845.666666666667,0.9866666666666668,1861.0,10706.666666666666
6,45,CHN,China,576,Guangdong,9824,Zhaoqing,Zh锟給q锟絥g,???,,,D锟絡锟絪h?,Prefecture City,Unknown,Present,,6.746065,1.314538,1723,24.0,112.5,,,,-0.699999988079071,957.0,,438.0,,208.0,224.0,209.0,225.0,0.0,-1.2000000476837158,0.0,0.6698,1231.0,1231.0,0.674,0.6697,-17.579999923706055,5825.72021484375,3063.2900390625,1406.75,3929.0,3929.0,2700.0,2700.0,135.0,,1245.1,,16745.0,465.0,2249.0,2249.0,1469.0,1469.0,1305.0,67.0,198.0,5193.0,5193.0,1.0,1.0,7.889999866485598,-0.4518,14.55,149.0,162.0,1276.0,0.009999999776482582,42.43999633789065,34.550012207031266,49.9000015258789,849.0,100.0,770.0,770.0,981.0,541.0,541.0,66.69999694824219,56.0,8.9,8.9,18.3,18.3,0.019999999552965164,-1.399999976158142,,,105.0,,0.42,0.42,32.649987792968766,8.0,8.0,33.1,30.38,0.4500061035156477,11.850000000000026,20.749993896484398,23.450006103515648,277.20001220703125,31.450006103515648,,20.7,,16.0,16.0,,,,,,,,,-76.7,16.0,16.0,16.0,20.0,34.0,31.17,3.0,3.0,-1.49,-1.87,45.6,46.01,88.85,69.91,47.65,45.81,46.07,4.0399999618530265,4.420000076293945,20.479999542236328,13.130000114440918,7.480000019073486,6.039999961853027,5.289999961853027,1.32,1.32,2944.0,5568.0,6212.0,6212.0,6212.0,6212.0,0.0,0.0,2944.0,24.1481,112.5385,203.77,5568.0,-9.19,17.88,,,,6067.0,0.98,6173.0,5601.0
6,45,CHN,China,576,Guangdong,9824,Zhaoqing,Zh锟給q锟絥g,???,,,D锟絡锟絪h?,Prefecture City,Unknown,Present,,6.746065,1.314538,1790,24.25,112.25,,,,-1.9299999872843423,666.0,,673.6666666666666,,679.3333333333334,707.6666666666665,679.3333333333334,707.6666666666665,0.13666666547457376,-3.6633331775665283,0.13666666547457376,0.6683333333333333,2359.0,2359.0,0.7343333333333334,0.6677,10.903333028157554,5843.179850260418,3089.5,1434.563313802083,5244.666666666667,5244.666666666667,3865.333333333334,3865.333333333334,385.33333333333326,,788.4333333333333,,16914.333333333332,527.0,2164.333333333333,2164.333333333333,1506.333333333333,1506.333333333333,1368.3333333333333,75.0,285.3333333333333,7642.666666666668,7642.666666666668,1.0,1.0,9.670000076293944,-0.4655,15.146666666666668,355.0,355.0,956.0266927083335,0.10333333723247053,42.55332845052086,32.88333536783856,55.5,873.3333333333335,97.0,782.3333333333335,782.3333333333335,957.6666666666665,414.0,414.0,72.90000025431316,71.0,7.966666666666666,7.966666666666666,23.366666666666664,23.366666666666664,0.019999999552965164,-2.309999942779541,,,72.53333282470703,,0.26,0.26,31.353336588541694,1.0,1.0,29.233333333333334,31.106666666666666,-1.2166707356770603,11.953332519531276,20.019993082682323,23.233331298828148,275.8433329264323,29.78999226888023,,21.4,,13.333333333333336,13.333333333333336,18.5,18.5,-29.0,-29.0,-7.0,-7.0,,,-77.36666666666667,16.333333333333332,16.333333333333332,16.333333333333332,25.0,30.1,32.00000000000001,-13.0,-13.0,-0.7366666666666667,-2.043333333333333,25.84333333333333,26.38,84.80666666666666,62.75,38.923333333333346,31.96333333333333,28.183333333333334,2.470000028610229,2.8666666348775234,12.766666412353516,9.859999974568684,5.5733334223429365,4.763333320617676,3.8399999936421714,1.3533333333333335,1.3533333333333335,3328.0,4512.0,6562.666666666668,6562.666666666668,6249.666666666668,6249.666666666668,313.0,313.0,3200.0,24.4565,112.4094,85.17999999999998,4416.0,-1.4233333333333331,20.08333333333333,,,,6159.333333333332,1.0,6159.333333333332,13538.666666666664
6,45,CHN,China,576,Guangdong,9824,Zhaoqing,Zh锟給q锟絥g,???,,,D锟絡锟絪h?,Prefecture City,Unknown,Present,,6.746065,1.314538,1467,23.0,112.5,,,,-5.25,1784.5,,1505.0,,795.5,853.5,795.5,853.5,-2.299999952316284,-1.0,-2.299999952316284,0.07205,3769.5,3769.5,0.19365,0.10905,12.285000085830688,5854.760009765625,3111.409912109375,1454.6849975585938,8129.5,8129.5,6218.0,6218.0,192.0,,1090.15,,17089.5,59.0,3310.0,3310.0,2448.5,2448.5,720.5,0.0,111.0,10174.5,10174.5,1.0,1.0,8.404999732971191,-0.58005,10.685,372.5,375.0,1315.0,0.0,42.55500183105471,34.150003051757835,58.05000114440918,863.5,94.0,693.0,693.0,980.0,283.0,283.0,53.95000076293945,60.5,5.6,5.6,35.65000000000001,35.65000000000001,0.019999999552965164,-5.350000143051148,,,9.5,,0.52,0.52,33.9999938964844,-14.0,-14.0,33.5,34.475,-2.550009155273415,11.950006103515651,21.04999694824221,24.700006103515648,282.0,38.75000915527346,,22.6,,10.5,10.5,,,-14.0,-14.0,-9.0,-9.0,,,-79.7,10.5,10.5,10.5,34.5,34.8,39.0,-29.5,-29.5,-0.72,-1.17,46.49500000000001,44.58,194.325,62.94,38.61,150.89,38.27,1.1450000107288358,1.4049999713897705,5.504999876022339,7.394999980926514,3.990000009536744,27.209999203681946,2.3100000619888306,2.205,2.205,3232.0,3120.0,1067.5,1067.5,1008.0,1008.0,59.5,59.5,3136.0,23.114,112.73515,96.265,3120.0,-3.365,17.345,,,,664.0,1.0,664.0,24202.0
6,45,CHN,China,576,Guangdong,9824,Zhaoqing,Zh锟給q锟絥g,???,,,D锟絡锟絪h?,Prefecture City,Unknown,Present,,6.746065,1.314538,1529,23.25,112.5,,,,-4.850000143051148,1606.0,,1505.0,,1156.5,1100.5,1156.5,1100.5,-1.6000000238418581,-1.8500000238418581,-1.6000000238418581,0.15825,1846.0,1846.0,0.27015,0.1662,12.184999704360962,5855.47021484375,3111.679931640625,1455.0849609375,2983.0,2983.0,2825.0,2825.0,192.0,,1090.15,,17089.5,109.0,978.5,978.5,1020.0,1020.0,667.5,2.0,110.0,8590.0,8590.0,1.0,1.0,8.309999942779541,-0.6075999999999999,15.98,472.5,472.5,1380.52001953125,0.0,42.61000976562502,34.29999694824221,56.89999961853027,863.5,94.0,897.0,897.0,980.0,430.5,430.5,51.95000076293945,60.5,6.550000000000002,6.550000000000002,25.35,25.35,0.019999999552965164,-4.900000095367432,,,11.0,,0.13,0.13,34.199990844726585,12.0,12.0,33.5,34.475,-2.349996948242165,12.000009155273464,20.899987792968773,24.200006103515648,282.59999084472656,39.15000305175784,,22.6,,24.5,24.5,,,-16.0,-16.0,-7.0,-7.0,,,-79.7,24.5,24.5,24.5,35.5,34.8,39.0,-24.0,-24.0,-0.72,-1.17,53.94000000000001,51.78,195.675,65.1,38.8,152.935,42.02,1.1500000059604645,1.4200000166893003,6.0350000858306885,7.509999752044678,3.845000028610228,27.22999918460846,2.365000009536743,0.92,0.92,3232.0,3120.0,1698.5,1698.5,1591.5,1591.5,107.0,107.0,3136.0,23.42665,112.65515,97.27,3024.0,-3.365,17.384999999999998,,,,1458.5,1.0,1458.5,24205.0
6,45,CHN,China,576,Guangdong,9824,Zhaoqing,Zh锟給q锟絥g,???,,,D锟絡锟絪h?,Prefecture City,Unknown,Present,,6.746065,1.314538,1528,23.25,112.25,,,,-1.399999976158142,2149.0,,1030.0,,290.0,301.0,290.0,301.0,0.0,-2.5,-0.10000000149011612,0.4952,1077.0,1077.0,0.5123,0.4952,-27.95000076293945,5814.81982421875,3055.77001953125,1401.030029296875,3393.0,3393.0,2540.0,2540.0,196.0,,822.5,,16834.0,224.0,1881.0,1881.0,1463.0,1463.0,804.0,17.0,149.0,4689.0,4689.0,1.0,1.0,8.779999732971191,-0.542,13.38,611.0,611.0,1310.0,0.0,42.33001098632815,33.550012207031266,59.4000015258789,885.0,98.0,803.0,803.0,974.0,574.0,574.0,82.69999694824219,68.0,5.9,5.9,18.2,18.2,0.019999999552965164,-3.7999999523162837,,,67.0,,0.36,0.36,32.350000000000016,10.0,10.0,30.5,30.46,0.05001220703127274,11.749993896484401,20.350000000000023,26.850000000000023,275.0,30.050012207031273,,22.3,,17.0,17.0,,,,,,,,,-76.8,17.0,17.0,17.0,19.0,30.6,30.58,4.0,4.0,-2.5,-1.28,56.92,57.37,86.18,65.38,50.12,51.68,53.7,2.359999895095825,3.2999999523162837,22.190000534057614,11.470000267028807,9.279999732971193,7.71999979019165,6.820000171661378,1.32,1.32,2944.0,5856.0,4721.0,4721.0,4721.0,4721.0,0.0,0.0,2848.0,23.4662,112.3314,202.37,5760.0,-12.11,17.32,,,,4564.0,1.0,4564.0,3405.0
6,45,CHN,China,576,Guangdong,9824,Zhaoqing,Zh锟給q锟絥g,???,,,D锟絡锟絪h?,Prefecture City,Unknown,Present,,6.746065,1.314538,1527,23.25,111.75,,,,-3.009999990463257,1424.0,,1601.0,,834.0,842.0,834.0,842.0,-0.019999999552965164,-1.3200000524520874,-0.019999999552965164,0.3241,,,0.3906,0.3486,-8.369999885559082,5836.830078125,3079.81005859375,1422.4200439453125,,,,,202.0,,673.7,,16554.0,299.0,1622.0,1622.0,1226.0,1226.0,1078.0,35.0,188.0,6324.0,6324.0,1.0,1.0,9.510000228881836,-0.3158,10.86,663.0,663.0,1506.0400390625,0.009999999776482582,43.219995117187516,33.70000610351565,62.20000076293945,902.0,103.0,830.0,830.0,976.0,470.0,470.0,62.099998474121094,73.0,3.9,3.9,13.8,13.8,0.019999999552965164,-3.7100000381469727,,,27.6299991607666,,0.18,0.18,32.899987792968766,,,30.3,30.29,-1.3999999999999773,12.550012207031276,19.950006103515648,24.110009765625023,276.1300048828125,33.719995117187516,,23.6,,19.0,19.0,,,,,,,,,-77.8,19.0,19.0,19.0,20.0,31.2,31.21,-4.0,-4.0,-5.29,-0.58,70.27,71.15,114.87,93.03,76.58,72.97,72.11,4.730000019073486,5.710000038146973,7.440000057220459,10.59000015258789,9.579999923706056,8.779999732971191,8.239999771118164,1.1,1.1,3520.0,4128.0,3223.0,3223.0,3132.0,3132.0,91.0,91.0,3520.0,23.44,111.8114,17.73,3936.0,8.26,19.2,,,,2987.0,1.0,2987.0,16407.0
6,45,CHN,China,576,Guangdong,9824,Zhaoqing,Zh锟給q锟絥g,???,,,D锟絡锟絪h?,Prefecture City,Unknown,Present,,6.746065,1.314538,1592,23.5,112.25,,,,1.5,17.0,,0.0,,833.0,823.0,833.0,823.0,0.0,0.0,,0.0081,,,0.0279,0.0183,26.8,5854.81,3101.08,1458.55,,,,,224.0,,1464.1,,17188.0,220.0,1442.0,1442.0,1402.0,1402.0,811.0,20.0,139.0,2788.0,2788.0,1.0,1.0,8.46,-0.4478,8.71,365.0,390.0,2034.48,0.0,42.660000000000025,34.200000000000045,40.7,823.0,92.0,851.0,851.0,977.0,726.0,726.0,51.4,50.0,8.6,8.6,8.6,8.6,0.02,0.8,,,,,0.2,0.2,33.55000000000001,,,31.9,32.76,5581.660000000003,12.050000000000011,1185.4,,295.5,33.75,,17.4,,20.0,20.0,,,,,,,,,-80.3,20.0,20.0,20.0,35.0,32.9,33.44,13.0,13.0,-1.62,-0.89,27.14,77.3,5.42,19.37,53.29,67.01,74.3,13.37,1.46,5.08,5.25,2.94,2.15,1.92,1.26,1.26,3520.0,5280.0,113.0,113.0,113.0,113.0,0.0,0.0,3328.0,23.5775,112.4189,13.83,5280.0,2.46,17.66,,,,74.0,0.99,75.0,7603.0
6,45,CHN,China,576,Guangdong,9824,Zhaoqing,Zh锟給q锟絥g,???,,,D锟絡锟絪h?,Prefecture City,Unknown,Present,,6.746065,1.314538,1593,23.5,112.5,,,,-1.6633333563804626,641.0,,1094.6666666666667,,1101.0,1060.6666666666667,1103.6666666666667,1063.0,-0.5299999912579855,-2.963333368301392,-0.2966666718324025,0.4229,2231.0,2231.0,0.4422999999999999,0.4246333333333333,-1.2399997711181634,5834.773274739582,3082.720052083333,1428.090006510417,4374.0,4374.0,3219.0,3219.0,206.33333333333331,,759.0666666666666,,16945.666666666668,201.0,1209.6666666666667,1209.6666666666667,1024.3333333333333,1024.3333333333333,720.6666666666665,8.0,138.33333333333334,6938.666666666668,6938.666666666668,1.0,1.0,10.28000005086263,-0.4405333333333334,11.52,659.3333333333334,669.3333333333334,1105.3333435058594,0.07000000091890493,42.29666544596356,32.01665649414065,58.16666666666666,894.0,96.33333333333331,871.6666666666665,871.6666666666665,976.0,446.66666666666674,446.66666666666674,64.33333460489911,71.33333333333333,6.433333333333334,6.433333333333334,22.26666666666667,22.26666666666667,0.019999999552965164,-2.076666633288065,,,43.866666158040374,,0.14666666666666664,0.14666666666666664,31.553338623046894,5.5,5.5,30.366666666666664,30.26,-1.2500061035156025,11.719995117187526,20.11999918619794,23.30000203450523,280.943339029948,32.990004475911476,,22.76666666666667,,20.33333333333333,20.33333333333333,20.0,20.0,-10.0,-10.0,-7.0,-7.0,,,-77.76666666666667,21.33333333333333,21.33333333333333,21.33333333333333,28.33333333333333,31.13333333333333,32.27,-9.0,-9.0,-0.6933333333333334,-0.6833333333333332,136.57333333333335,136.42333333333332,80.21666666666667,70.29,40.85666666666667,112.12333333333332,24.013333333333332,2.326666673024496,2.876666665077209,11.560000260670982,7.293333212534588,5.5733334223429365,19.409999688466392,4.583333253860474,0.9233333333333332,0.9233333333333332,3136.0,4896.0,4043.0,4043.0,4035.333333333334,4035.333333333334,7.666666666666668,7.666666666666668,3072.0,23.59023333333333,112.63023333333332,133.81666666666666,4768.0,-5.306666666666667,17.94,,,,3881.333333333334,0.9966666666666668,3897.666666666666,10672.333333333334
6,45,CHN,China,576,Guangdong,9824,Zhaoqing,Zh锟給q锟絥g,???,,,D锟絡锟絪h?,Prefecture City,Unknown,Present,,6.746065,1.314538,1591,23.5,112.0,,,,-1.4000000953674316,493.5,,878.5,,2650.5,2599.0,2650.5,2599.0,-1.0499999523162842,-1.5,-2.0999999046325684,0.3983,4308.0,4308.0,0.42265,0.3985,22.155000114440924,5855.405000000002,3107.930014648437,1458.389990234375,6342.0,6342.0,5531.0,5531.0,203.0,,1248.5,,17098.5,253.5,1402.5,1402.5,1320.5,1320.5,935.0,51.5,129.0,10090.5,10090.5,1.0,1.0,7.920000057220459,-0.46205,17.61,465.5,465.5,1738.26001953125,0.0,42.49500549316409,34.575003051757854,50.20000038146973,847.0,94.0,855.0,855.0,979.5,379.5,379.5,49.34999961853028,56.0,6.35,6.35,21.95,21.95,0.019999999776482584,-1.800000047683716,,,51.0,,0.13,0.13,34.05000610351564,-5.0,-5.0,33.05,33.730000000000004,2789.4049938964863,11.899996948242205,603.1750030517577,23.550012207031273,286.6999969482422,36.199993896484386,,20.6,,9.0,9.0,21.0,21.0,-43.0,-43.0,-7.0,-7.0,,,-79.85,21.0,21.0,21.0,30.0,33.75,34.845,-33.5,-33.5,0.03500000000000003,-0.92,18.72,45.33,35.915,33.55,44.58,46.155,47.5,7.2450000023841845,1.5499999928474426,8.175000228881835,6.780000209808351,3.7650000762939464,2.690000009536744,2.3200000143051147,1.19,1.19,3232.0,4128.0,3824.5,3824.5,3765.5,3765.5,59.0,59.0,3232.0,23.62825,112.1311,138.685,4032.0,-0.48,18.575,,,,3671.0,1.0,3671.0,16504.0
6,45,CHN,China,576,Guangdong,9824,Zhaoqing,Zh锟給q锟絥g,???,,,D锟絡锟絪h?,Prefecture City,Unknown,Present,,6.746065,1.314538,1594,23.5,112.75,,,,-2.1450000405311584,524.0,,1024.0,,1233.5,1235.5,1233.5,1235.5,-1.2950000166893003,-4.5950000286102295,-1.2950000166893003,0.32425,2924.0,2924.0,0.36505,0.33690000000000003,12.899999618530273,5845.739990234375,3097.3250732421875,1442.4649658203125,5895.0,5895.0,4037.0,4037.0,114.0,,864.55,,16992.0,123.0,1555.5,1555.5,1235.0,1235.0,689.5,3.5,149.5,6720.0,6720.0,1.0,1.0,10.94000005722046,-0.51675,10.9,487.5,488.0,1035.040008544922,0.10000000149011612,42.3900085449219,31.449990844726585,56.79999923706057,894.0,95.5,839.0,839.0,987.5,451.5,451.5,64.75,69.5,8.55,8.55,16.2,16.2,0.019999999552965164,-2.314999938011169,,,28.79999923706055,,0.15,0.15,31.105004882812523,-2.0,-2.0,30.6,30.2,-1.9500030517577904,11.805001831054714,20.504998779296894,23.025003051757835,284.7150115966797,34.7600036621094,,22.0,,11.5,11.5,20.0,20.0,,,-11.0,-11.0,,,-78.2,20.0,20.0,20.0,27.0,33.9,32.82,-7.0,-7.0,0.09499999999999996,-0.045,179.29500000000004,179.495,79.025,75.435,40.845,150.67,13.97,2.3249999284744263,2.399999976158142,5.745000123977661,4.634999990463258,2.439999938011169,24.12999963760376,2.549999952316284,1.11,1.11,3376.0,4416.0,3164.5,3164.5,3087.5,3087.5,77.0,77.0,3232.0,23.6793,112.95765,100.175,4272.0,-0.4650000000000003,18.405,,,,2989.0,1.0,2988.0,14257.0
6,45,CHN,China,576,Guangdong,9824,Zhaoqing,Zh锟給q锟絥g,???,,,D锟絡锟絪h?,Prefecture City,Unknown,Present,,6.746065,1.314538,1657,23.75,112.25,,,,-0.8049999475479126,567.5,,411.5,,782.0,789.0,782.0,789.0,-0.009999999776482582,-0.3100000023841858,-0.019999999552965164,0.13849999999999998,2153.0,2153.0,0.16425,0.13975,11.625000023841858,5846.330048828127,3091.845053710937,1441.7900146484376,4562.0,4562.0,3653.0,3653.0,191.5,,1414.1999999999996,,16852.0,266.0,1662.0,1662.0,1556.5,1556.5,1092.5,55.0,177.0,6199.0,6199.0,1.0,1.0,9.115000228881836,-0.5471999999999999,12.05,566.5,572.0,1726.8200170898438,0.0,42.99500549316409,33.87500610351566,51.6,830.0,98.0,828.5,828.5,979.0,498.5,498.5,53.900000762939456,51.5,6.4,6.4,24.35,24.35,0.019999999776482584,-1.4550000190734864,,,6.630000114440918,,0.235,0.235,33.12500305175783,5.0,5.0,32.8,33.235,2789.880000000001,12.349993896484394,602.5249938964844,22.809991455078148,285.7149963378906,33.93499450683595,,18.8,,18.5,18.5,,,,,-11.0,-11.0,,,-78.44999999999997,18.5,18.5,18.5,32.5,34.2,34.495,-4.5,-4.5,-2.47,-0.675,52.125,77.32,62.285,57.285,68.33,72.68,75.945,8.535000023841858,3.1349999713897705,5.299999990463257,7.139999866485598,5.420000047683716,4.795000028610231,4.495000085830688,1.4,1.4,3664.0,4560.0,1445.0,1445.0,1443.0,1443.0,2.0,2.0,3520.0,23.87625,112.41195,15.505,4512.0,8.285,18.78,,,,1276.5,1.0,1276.5,13054.0
6,45,CHN,China,576,Guangdong,9824,Zhaoqing,Zh锟給q锟絥g,???,,,D锟絡锟絪h?,Prefecture City,Unknown,Present,,6.746065,1.314538,1656,23.75,112.0,,,,-1.655000001192093,861.0,,926.5,,438.5,452.0,438.5,452.0,-0.009999999776482582,-1.9599999189376829,-0.009999999776482582,0.41255,1846.5,1846.5,0.4836,0.42345,-19.719999551773075,5828.5849609375,3070.0299072265625,1413.8349609375,4378.5,4378.5,3472.5,3472.5,177.5,,1093.4,,16675.0,173.0,1833.5,1833.5,1626.0,1626.0,892.0,43.5,111.5,6310.0,6310.0,1.0,1.0,8.424999952316282,-0.61445,13.95,310.0,310.0,1597.780029296875,0.004999999888241291,42.77500305175784,34.344995117187516,60.44999885559082,861.0,101.0,810.0,810.0,977.5,471.5,471.5,54.75,60.5,7.05,7.05,19.15,19.15,0.019999999552965164,-2.104999989271164,,,42.81500005722046,,0.315,0.315,33.675012207031266,6.0,6.0,32.1,33.415,-0.5249999999999773,12.150003051757839,20.300012207031273,23.080010986328148,276.56500244140625,34.38500366210939,,21.25,,18.0,18.0,,,,,-7.0,-7.0,,,-76.69999999999997,18.0,18.0,18.0,27.0,33.05,34.77,-4.0,-4.0,-2.91,-0.87,61.79,61.73,101.53,80.015,65.925,63.09,62.45,3.4299999475479126,4.359999895095825,14.575000047683716,11.260000228881836,8.345000028610231,7.4750001430511475,6.884999990463258,1.465,1.465,3376.0,4848.0,4040.5,4040.5,3875.0,3875.0,165.5,165.5,3232.0,23.7928,112.17725,110.82,4752.0,-0.4649999999999999,18.535,,,,3802.0,1.0,3802.0,10955.5
6,45,CHN,China,576,Guangdong,9824,Zhaoqing,Zh锟給q锟絥g,???,,,D锟絡锟絪h?,Prefecture City,Unknown,Present,,6.746065,1.314538,1658,23.75,112.5,,,,-2.2633332610130306,1006.0,,879.3333333333335,,1184.3333333333333,1126.0,1187.6666666666667,1129.3333333333333,-0.5633333027362823,-3.0966666142145787,-0.5633333027362823,0.44593333333333335,3128.333333333333,3128.333333333333,0.5299666666666667,0.44799999999999995,3.0833333333333344,5835.340169270832,3083.789957682291,1429.256673177083,5574.333333333332,5574.333333333332,4095.0,4095.0,203.66666666666663,,694.6333333333333,,16860.0,370.33333333333326,1416.0,1416.0,966.6666666666665,966.6666666666665,1121.6666666666667,63.0,188.66666666666663,6981.666666666668,6981.666666666668,1.0,1.0,10.12666670481364,-0.3257333333333333,12.72,493.33333333333326,513.6666666666666,873.973347981771,0.06666666766007741,42.11000976562502,31.983331298828148,59.70000076293945,901.0,97.66666666666669,853.6666666666665,853.6666666666665,976.6666666666665,439.66666666666674,439.66666666666674,78.93333180745442,73.0,7.466666666666666,7.466666666666666,18.83333333333333,18.83333333333333,0.019999999552965164,-2.943333427111308,,,57.866666158040374,,0.18000000000000002,0.18000000000000002,31.01999308268232,-0.3333333333333333,-0.3333333333333333,29.5,29.47,-1.4166625976562273,11.553338623046903,20.05332845052085,25.466668701171894,276.3100077311198,29.82332763671877,,22.566666666666666,,17.666666666666668,17.666666666666668,21.0,21.0,-14.0,-14.0,-7.0,-7.0,,,-77.23333333333333,20.0,20.0,20.0,28.0,30.33333333333333,30.516666666666666,-8.333333333333334,-8.333333333333334,-0.7933333333333333,-0.97,125.85333333333334,127.29333333333334,81.75333333333333,57.15333333333334,46.4,40.36,34.48333333333333,1.4566666682561238,2.2733333905537925,13.746666431427002,9.053333441416422,6.486666679382324,4.783333460489909,3.9899999300638833,0.8666666666666667,0.8666666666666667,3328.0,4800.0,4839.333333333333,4839.333333333333,4476.333333333333,4476.333333333333,363.0,363.0,3200.0,23.8311,112.5697,83.59,4608.0,-1.4233333333333331,19.813333333333336,,,,3962.333333333334,0.9633333333333334,4109.666666666667,11341.666666666664
6,45,CHN,China,576,Guangdong,9824,Zhaoqing,Zh锟給q锟絥g,???,,,D锟絡锟絪h?,Prefecture City,Unknown,Present,,6.746065,1.314538,1655,23.75,111.75,,,,-1.25,460.5,,457.5,,925.0,900.5,925.0,900.5,-1.4500000476837158,-2.3499999046325684,-2.900000095367432,0.1521,1846.0,1846.0,0.22395,0.18445,22.47499980926513,5857.265107421877,3108.7549658203125,1458.54501953125,2921.0,2921.0,2880.0,2880.0,172.5,,1403.7,,17121.0,208.5,1233.0,1233.0,1235.0,1235.0,1008.0,41.0,165.0,7755.0,7755.0,1.0,1.0,7.98,-0.26315,15.41,397.0,460.0,1755.26001953125,0.0,42.60500610351565,34.62500610351566,50.20000038146973,834.5,93.5,872.0,872.0,982.5,452.0,452.0,51.09999961853028,52.0,8.25,8.25,24.8,24.8,0.019999999776482584,-1.7500000953674315,,,48.0,,0.165,0.165,34.00000305175783,13.0,13.0,33.75,33.730000000000004,2789.454996948244,12.000003051757831,603.3249969482423,23.249993896484398,286.5,34.850003051757824,,19.75,,19.5,19.5,22.5,22.5,-29.0,-29.0,-7.0,-7.0,,,-79.85,22.5,22.5,22.5,34.5,34.8,34.845,-17.0,-17.0,-0.69,-0.86,192.57,218.31,34.09,31.93,38.97,37.56,39.035,7.685,1.9849999952316284,8.579999961853026,6.615000009536742,3.6749999237060544,2.9549999952316286,2.71,1.11,1.11,3232.0,3984.0,1619.0,1619.0,1519.0,1519.0,100.0,100.0,3184.0,23.9132,111.87095,166.53,3936.0,-1.93,18.45,,,,1399.5,0.98,1402.0,17603.0
6,45,CHN,China,576,Guangdong,9824,Zhaoqing,Zh锟給q锟絥g,???,,,D锟絡锟絪h?,Prefecture City,Unknown,Present,,6.746065,1.314538,1721,24.0,112.0,,,,-0.9449999816715716,386.0,,377.0,,733.5,758.5,733.5,758.5,-2.294999957084656,-11.894999980926515,-0.5949999988079071,0.73855,2231.0,2231.0,0.78125,0.7383500000000001,-3.775000572204588,5829.56005859375,3072.090087890625,1418.2949829101562,5238.5,5238.5,3626.5,3626.5,147.0,,721.4499999999998,,16893.5,302.0,2130.5,2130.5,1395.5,1395.5,1305.5,57.5,227.5,6336.5,6336.5,1.0,1.0,10.63499975204468,-0.17770000000000002,13.7,336.5,343.5,935.8199996948242,0.25,42.33500061035159,31.700006103515644,58.89999961853027,904.5,97.0,782.5,782.5,982.0,469.0,469.0,73.25,73.5,9.1,9.1,17.450000000000006,17.450000000000006,0.019999999552965164,-1.2649999856948853,,,58.79999923706055,,0.32,0.32,30.40499267578127,1.5,1.5,29.3,29.31,-0.7000030517577898,11.754998779296901,19.754998779296894,22.42499694824221,275.6649932861328,29.10999450683596,,22.1,,7.5,7.5,17.0,17.0,,,,,,,-76.80000000000003,16.0,16.0,16.0,19.0,29.9,29.875,-3.5,-3.5,-0.365,-0.8600000000000001,195.045,197.845,89.44999999999997,58.965,45.45,33.195,23.91,2.175000011920929,2.660000026226044,14.014999866485596,9.71500015258789,6.694999933242798,5.519999980926511,4.225000023841858,1.255,1.255,3088.0,5424.0,7200.0,7200.0,7200.0,7200.0,0.0,0.0,3040.0,24.10885,112.12425,179.51,5424.0,-6.295,19.5,,,,6761.5,0.995,6806.5,6651.5
6,45,CHN,China,576,Guangdong,9824,Zhaoqing,Zh锟給q锟絥g,???,,,D锟絡锟絪h?,Prefecture City,Unknown,Present,,6.746065,1.314538,1722,24.0,112.25,,,,1.5,17.0,,0.0,,542.0,582.0,542.0,582.0,0.0,0.0,,0.0514,,,0.0941,0.0579,26.8,5854.81,3101.08,1458.55,,,,,224.0,,1464.1,,17188.0,509.0,2323.0,2323.0,1918.0,1918.0,1361.0,73.0,283.0,4251.0,4251.0,1.0,1.0,8.46,-0.4178,8.27,634.0,634.0,2034.48,0.0,42.660000000000025,34.200000000000045,40.7,823.0,92.0,768.0,768.0,977.0,609.0,609.0,51.4,50.0,7.6,7.6,8.4,8.4,0.02,0.8,,,,,0.33,0.33,33.55000000000001,,,31.9,32.76,5581.660000000003,12.050000000000011,1185.4,,295.5,33.75,,17.4,,14.0,14.0,,,,,,,,,-80.3,14.0,14.0,14.0,34.0,32.9,33.44,7.0,7.0,-1.62,-0.89,27.14,77.3,5.42,19.37,53.29,67.01,74.3,13.37,1.46,5.08,5.25,2.94,2.15,1.92,1.73,1.73,3520.0,5280.0,708.0,708.0,708.0,708.0,0.0,0.0,3328.0,24.20300000000001,112.2599,12.02,5088.0,2.46,17.54,,,,474.0,1.0,474.0,7609.0
7,45,CHN,China,576,Guangdong,9825,Zhongshan,Zhongshan,???,,,D锟絡锟絪h?,Prefecture City,Unknown,Present,,2.062425,0.154312,1339,22.5,113.25,,,,-1.5,378.0,,445.0,,552.0,591.0,552.0,591.0,-1.0,-6.199999809265138,-0.8999999761581421,0.2504,2461.0,2461.0,0.8296,0.2834,-39.0099983215332,5800.259765625,3040.780029296875,1389.530029296875,5881.0,5881.0,4033.0,4033.0,17.0,,698.4,,16480.0,2.0,2215.0,2215.0,1572.0,1572.0,81.0,0.0,7.0,9494.0,9494.0,1.0,1.0,11.56999969482422,-0.4323,16.88,336.0,336.0,1153.0400390625,0.36000001430511475,42.21999511718752,30.64998779296877,74.80000305175781,915.0,104.0,772.0,772.0,993.0,309.0,309.0,69.69999694824219,72.0,10.4,10.4,22.9,22.9,0.019999999552965164,-1.7000000476837158,,,52.0,,0.28,0.28,30.450006103515648,-1.0,-1.0,29.5,30.36,-0.6499999999999773,11.649987792968776,18.450006103515648,23.850000000000023,267.89999389648443,29.749993896484398,,22.6,,15.0,15.0,,,,,-11.0,-11.0,,,-76.5,15.0,15.0,15.0,7.0,29.3,29.95,-23.0,-23.0,-3.37,-3.27,42.78,42.2,84.95,57.17,47.6,40.35,39.76,4.199999809265137,4.929999828338623,19.31999969482422,9.760000228881836,11.050000190734863,10.119999885559082,9.130000114440918,1.42,1.42,3232.0,6144.0,7829.0,7829.0,4647.0,4647.0,3182.0,3182.0,3040.0,22.6438,113.3101,198.97,6048.0,-6.28,17.64,,,,2308.0,1.0,2308.0,1106.0
